timestamp,velocity_m_s,pressure_bar,power_W
1748352198.3467247,0.0,0.0,0.0
1748352198.4466932,0.0,0.0,0.0
1748352198.4716265,0.0,0.0,0.0
1748352198.4905758,0.0,0.0,0.0
1748352198.4930806,0.0,0.0,0.0
1748352198.5030556,0.0,0.0,0.0
1748352198.5130281,0.0,0.0,0.0
1748352198.5230029,0.0,0.0,0.0
1748352198.5329762,0.0,0.0,0.0
1748352198.5429468,0.0,0.0,0.0
1748352198.5529215,0.0,0.0,0.0
1748352198.5628939,0.0,0.0,0.0
1748352198.5729287,0.0,0.0,0.0
1748352198.5829027,0.0,0.0,0.0
1748352198.5928776,0.0,0.0,0.0
1748352198.6034212,0.0,0.0,0.0
1748352198.6128116,0.0,0.0,0.0
1748352198.6228218,0.0,0.0,0.0
1748352198.6327674,0.0,0.0,0.0
1748352198.6427894,0.0,0.0,0.0
1748352198.652979,0.0,0.0,0.0
1748352198.6632087,0.0,0.0,0.0
1748352198.6730764,0.0,0.0,0.0
1748352198.683063,0.0,0.0,0.0
1748352198.6931777,0.0,0.0,0.0
1748352198.7034469,0.0,0.0,0.0
1748352198.7134094,0.0,0.0,0.0
1748352198.7233965,0.0,0.0,0.0
1748352198.733329,0.0,0.0,0.0
1748352198.7431905,0.0,0.0,0.0
1748352198.7541578,0.0,0.0,0.0
1748352198.7632315,0.0,0.0,0.0
1748352198.7733443,0.0,0.0,0.0
1748352198.7827673,0.0,0.0,0.0
1748352198.793237,0.0,0.0,0.0
1748352198.803305,0.0,0.0,0.0
1748352198.8130307,0.0,0.0,0.0
1748352198.8229508,0.0,0.0,0.0
1748352198.8333156,0.0,0.0,0.0
1748352198.8432136,0.0,0.0,0.0
1748352198.8532913,0.0,0.0,0.0
1748352198.8633099,0.0,0.0,0.0
1748352198.8732805,0.0,0.0,0.0
1748352198.8827693,0.0,0.0,0.0
1748352198.893431,0.0,0.0,0.0
1748352198.9032638,0.0,0.0,0.0
1748352198.9134731,0.0,0.0,0.0
1748352198.9232743,0.0,0.0,0.0
1748352198.9333332,0.0,0.0,0.0
1748352198.9440212,0.0,0.0,0.0
1748352198.9531972,0.0,0.0,0.0
1748352198.9629452,0.0,0.0,0.0
1748352198.973688,0.0,0.0,0.0
1748352198.9833467,0.0,0.0,0.0
1748352198.9937825,0.0,0.0,0.0
1748352199.0033507,0.0,0.0,0.0
1748352199.0131168,0.0,0.0,0.0
1748352199.0237386,0.0,0.0,0.0
1748352199.0327694,0.0,0.0,0.0
1748352199.0432603,0.0,0.0,0.0
1748352199.0531483,0.0,0.0,0.0
1748352199.0632997,0.0,0.0,0.0
1748352199.073364,0.0,0.0,0.0
1748352199.082767,0.0,0.0,0.0
1748352199.093288,0.0,0.0,0.0
1748352199.103066,0.0,0.0,0.0
1748352199.113335,0.0,0.0,0.0
1748352199.1232011,0.0,0.0,0.0
1748352199.1327817,0.0,0.0,0.0
1748352199.1427684,0.0,0.0,0.0
1748352199.1528504,0.0,0.0,0.0
1748352199.1636045,0.0,0.0,0.0
1748352199.173171,0.0,0.0,0.0
1748352199.1837265,0.0,0.0,0.0
1748352199.193234,0.0,0.0,0.0
1748352199.2028954,0.0,0.0,0.0
1748352199.213152,0.0,0.0,0.0
1748352199.2236388,0.0,0.0,0.0
1748352199.234041,0.0,0.0,0.0
1748352199.2430642,0.0,0.0,0.0
1748352199.3427918,0.0,0.0,0.0
1748352199.3437502,0.0,0.0,0.0
1748352199.353324,0.0,0.0,0.0
1748352199.363745,0.0,0.0,0.0
1748352199.3735995,0.0,0.0,0.0
1748352199.3827708,0.0,0.0,0.0
1748352199.3929029,0.0,0.0,0.0
1748352199.4035866,0.0,0.0,0.0
1748352199.4134405,0.0,0.0,0.0
1748352199.423242,0.0,0.0,0.0
1748352199.4333062,0.0,0.0,0.0
1748352199.443082,0.0,0.0,0.0
1748352199.4532638,0.0,0.0,0.0
1748352199.462854,0.0,0.0,0.0
1748352199.472826,0.0,0.0,0.0
1748352199.4827685,0.0,0.0,0.0
1748352199.493252,0.0,0.0,0.0
1748352199.5031493,0.0,0.0,0.0
1748352199.513194,0.0,0.0,0.0
1748352199.5231478,0.0,0.0,0.0
1748352199.5327668,0.0,0.0,0.0
1748352199.5432482,0.0,0.0,0.0
1748352199.5532336,0.0,0.0,0.0
1748352199.5632935,0.0,0.0,0.0
1748352199.5732946,0.0,0.0,0.0
1748352199.5827956,0.0,0.0,0.0
1748352199.5934513,0.0,0.0,0.0
1748352199.6031425,0.0,0.0,0.0
1748352199.613094,0.0,0.0,0.0
1748352199.623205,0.0,0.0,0.0
1748352199.633002,0.0,0.0,0.0
1748352199.642814,0.0,0.0,0.0
1748352199.6540854,0.0,0.0,0.0
1748352199.6632903,0.0,0.0,0.0
1748352199.6732152,0.0,0.0,0.0
1748352199.6827955,0.0,0.0,0.0
1748352199.6933742,0.0,0.0,0.0
1748352199.703313,0.0,0.0,0.0
1748352199.7133222,0.0,0.0,0.0
1748352199.7233794,0.0,0.0,0.0
1748352199.7336826,0.0,0.0,0.0
1748352199.7436972,0.0,0.0,0.0
1748352199.7537239,0.0,0.0,0.0
1748352199.763644,0.0,0.0,0.0
1748352199.7736628,0.0,0.0,0.0
1748352199.7835913,0.0,0.0,0.0
1748352199.7933824,0.0,0.0,0.0
1748352199.803371,0.0,0.0,0.0
1748352199.8133085,0.0,0.0,0.0
1748352199.8232582,0.0,0.0,0.0
1748352199.8327649,0.0,0.0,0.0
1748352199.8432128,0.0,0.0,0.0
1748352199.8530319,0.0,0.0,0.0
1748352199.8632061,0.0,0.0,0.0
1748352199.8734052,0.0,0.0,0.0
1748352199.8829896,0.0,0.0,0.0
1748352199.8934505,0.0,0.0,0.0
1748352199.9031262,0.0,0.0,0.0
1748352199.913571,0.0,0.0,0.0
1748352199.9229796,0.0,0.0,0.0
1748352199.9329495,0.0,0.0,0.0
1748352199.94296,0.0,0.0,0.0
1748352199.9534185,0.0,0.0,0.0
1748352199.963203,0.0,0.0,0.0
1748352199.9733746,0.0,0.0,0.0
1748352199.982886,0.0,0.0,0.0
1748352199.9933376,0.0,0.0,0.0
1748352200.0031757,0.0,0.0,0.0
1748352200.0133505,0.0,0.0,0.0
1748352200.0232353,0.0,0.0,0.0
1748352200.0329335,0.0,0.0,0.0
1748352200.0434763,0.0,0.0,0.0
1748352200.053706,0.0,0.0,0.0
1748352200.063176,0.0,0.0,0.0
1748352200.073339,0.0,0.0,0.0
1748352200.0834486,0.0,0.0,0.0
1748352200.0934215,0.0,0.0,0.0
1748352200.1089969,0.0,0.0,0.0
1748352200.1628523,0.0,0.0,0.0
1748352200.172833,0.0,0.0,0.0
1748352200.1828003,0.0,0.0,0.0
1748352200.192897,0.0,0.0,0.0
1748352200.2028778,0.0,0.0,0.0
1748352200.21783,0.0,0.0,0.0
1748352200.2228146,0.0,0.0,0.0
1748352200.2377832,0.0,0.0,0.0
1748352200.2437608,0.0,0.0,0.0
1748352200.375937,0.0,0.0,0.0
1748352200.3835304,0.0,0.0,0.0
1748352200.3935814,0.0,0.0,0.0
1748352200.4031818,0.0,0.0,0.0
1748352200.4131844,0.0,0.0,0.0
1748352200.4231744,0.0,0.0,0.0
1748352200.4341474,0.0,0.0,0.0
1748352200.4437928,0.0,0.0,0.0
1748352200.4535465,0.0,0.0,0.0
1748352200.4629111,0.0,0.0,0.0
1748352200.4730375,0.0,0.0,0.0
1748352200.4836745,0.0,0.0,0.0
1748352200.4930217,0.0,0.0,0.0
1748352200.5031986,0.0,0.0,0.0
1748352200.513194,0.0,0.0,0.0
1748352200.524003,0.0,0.0,0.0
1748352200.5331595,0.0,0.0,0.0
1748352200.543051,0.0,0.0,0.0
1748352200.5531163,0.0,0.0,0.0
1748352200.5631874,0.0,0.0,0.0
1748352200.573095,0.0,0.0,0.0
1748352200.583897,0.0,0.0,0.0
1748352200.5934591,0.0,0.0,0.0
1748352200.6032472,0.0,0.0,0.0
1748352200.6129496,0.0,0.0,0.0
1748352200.6234038,0.0,0.0,0.0
1748352200.6330092,0.0,0.0,0.0
1748352200.6432455,0.0,0.0,0.0
1748352200.6544342,0.0,0.0,0.0
1748352200.6631708,0.0,0.0,0.0
1748352200.6732073,0.0,0.0,0.0
1748352200.6827676,0.0,0.0,0.0
1748352200.6932247,0.0,0.0,0.0
1748352200.7031467,0.0,0.0,0.0
1748352200.7134066,0.0,0.0,0.0
1748352200.72449,0.0,0.0,0.0
1748352200.7334642,0.0,0.0,0.0
1748352200.743382,0.0,0.0,0.0
1748352200.753354,0.0,0.0,0.0
1748352200.7633367,0.0,0.0,0.0
1748352200.7735817,0.0,0.0,0.0
1748352200.782983,0.0,0.0,0.0
1748352200.792949,0.0,0.0,0.0
1748352200.8029616,0.0,0.0,0.0
1748352200.8131714,0.0,0.0,0.0
1748352200.8230665,0.0,0.0,0.0
1748352200.8329034,0.0,0.0,0.0
1748352200.842806,0.0,0.0,0.0
1748352200.8534365,0.0,0.0,0.0
1748352200.8630195,0.0,0.0,0.0
1748352200.874148,0.0,0.0,0.0
1748352200.8840628,0.0,0.0,0.0
1748352200.8930554,0.0,0.0,0.0
1748352200.9029884,0.0,0.0,0.0
1748352200.9131765,0.0,0.0,0.0
1748352200.9228077,0.0,0.0,0.0
1748352200.9332836,0.0,0.0,0.0
1748352200.9428096,0.0,0.0,0.0
1748352200.9533122,0.0,0.0,0.0
1748352200.9632936,0.0,0.0,0.0
1748352200.9734259,0.0,0.0,0.0
1748352200.9831986,0.0,0.0,0.0
1748352200.993294,0.0,0.0,0.0
1748352201.0032744,0.0,0.0,0.0
1748352201.0131707,0.0,0.0,0.0
1748352201.0234122,0.0,0.0,0.0
1748352201.0332265,0.0,0.0,0.0
1748352201.043731,0.0,0.0,0.0
1748352201.0536656,0.0,0.0,0.0
1748352201.063256,0.0,0.0,0.0
1748352201.0740352,0.0,0.0,0.0
1748352201.0830488,0.0,0.0,0.0
1748352201.0932467,0.0,0.0,0.0
1748352201.1029453,0.0,0.0,0.0
1748352201.112964,0.0,0.0,0.0
1748352201.1238713,0.0,0.0,0.0
1748352201.1335337,0.0,0.0,0.0
1748352201.143485,0.0,0.0,0.0
1748352201.1534588,0.0,0.0,0.0
1748352201.16347,0.0,0.0,0.0
1748352201.173119,0.0,0.0,0.0
1748352201.1830869,0.0,0.0,0.0
1748352201.1930594,0.0,0.0,0.0
1748352201.2030337,0.0,0.0,0.0
1748352201.2130075,0.0,0.0,0.0
1748352201.2230067,0.0,0.0,0.0
1748352201.2339485,0.0,0.0,0.0
1748352201.244934,0.0,0.0,0.0
1748352201.4423099,0.0,0.0,0.0
1748352201.4433408,0.0,0.0,0.0
1748352201.4530048,0.0,0.0,0.0
1748352201.4636598,0.0,0.0,0.0
1748352201.4728243,0.0,0.0,0.0
1748352201.4836702,0.0,0.0,0.0
1748352201.4936178,0.0,0.0,0.0
1748352201.5035646,0.0,0.0,0.0
1748352201.5130675,0.0,0.0,0.0
1748352201.5230813,0.0,0.0,0.0
1748352201.5342317,0.0,0.0,0.0
1748352201.5432692,0.0,0.0,0.0
1748352201.5534415,0.0,0.0,0.0
1748352201.5632522,0.0,0.0,0.0
1748352201.5733135,0.0,0.0,0.0
1748352201.5832036,0.0,0.0,0.0
1748352201.5937212,0.0,0.0,0.0
1748352201.6031613,0.0,0.0,0.0
1748352201.6132991,0.0,0.0,0.0
1748352201.6231604,0.0,0.0,0.0
1748352201.6332781,0.0,0.0,0.0
1748352201.6436288,0.0,0.0,0.0
1748352201.653562,0.0,0.0,0.0
1748352201.6631484,0.0,0.0,0.0
1748352201.6728804,0.0,0.0,0.0
1748352201.684615,0.0,0.0,0.0
1748352201.6928074,0.0,0.0,0.0
1748352201.7028956,0.0,0.0,0.0
1748352201.712807,0.0,0.0,0.0
1748352201.7227964,0.0,0.0,0.0
1748352201.733157,0.0,0.0,0.0
1748352201.7428405,0.0,0.0,0.0
1748352201.7528765,0.0,0.0,0.0
1748352201.763008,0.0,0.0,0.0
1748352201.7728155,0.0,0.0,0.0
1748352201.7830348,0.0,0.0,0.0
1748352201.7928767,0.0,0.0,0.0
1748352201.8032339,0.0,0.0,0.0
1748352201.8132088,0.0,0.0,0.0
1748352201.8231907,0.0,0.0,0.0
1748352201.8332212,0.0,0.0,0.0
1748352201.843174,0.0,0.0,0.0
1748352201.8531106,0.0,0.0,0.0
1748352201.8628128,0.0,0.0,0.0
1748352201.8730834,0.0,0.0,0.0
1748352201.884583,0.0,0.0,0.0
1748352201.8927896,0.0,0.0,0.0
1748352201.902974,0.0,0.0,0.0
1748352201.9136767,0.0,0.0,0.0
1748352201.9232016,0.0,0.0,0.0
1748352201.9346159,0.0,0.0,0.0
1748352201.9428005,0.0,0.0,0.0
1748352201.9536784,0.0,0.0,0.0
1748352201.9636886,0.0,0.0,0.0
1748352201.973667,0.0,0.0,0.0
1748352201.9845998,0.0,0.0,0.0
1748352201.9940171,0.0,0.0,0.0
1748352202.0030613,0.0,0.0,0.0
1748352202.0131533,0.0,0.0,0.0
1748352202.0228317,0.0,0.0,0.0
1748352202.0339272,0.0,0.0,0.0
1748352202.043157,0.0,0.0,0.0
1748352202.0532763,0.0,0.0,0.0
1748352202.0632174,0.0,0.0,0.0
1748352202.0733502,0.0,0.0,0.0
1748352202.0839891,0.0,0.0,0.0
1748352202.0933003,0.0,0.0,0.0
1748352202.103136,0.0,0.0,0.0
1748352202.1131058,0.0,0.0,0.0
1748352202.123116,0.0,0.0,0.0
1748352202.132829,0.0,0.0,0.0
1748352202.1434107,0.0,0.0,0.0
1748352202.1532223,0.0,0.0,0.0
1748352202.1630998,0.0,0.0,0.0
1748352202.1731207,0.0,0.0,0.0
1748352202.1832757,0.0,0.0,0.0
1748352202.193302,0.0,0.0,0.0
1748352202.2032197,0.0,0.0,0.0
1748352202.2135844,0.0,0.0,0.0
1748352202.223525,0.0,0.0,0.0
1748352202.233616,0.0,0.0,0.0
1748352202.2431047,0.0,0.0,0.0
1748352202.3359149,0.0,0.0,0.0
1748352202.3432126,0.0,0.0,0.0
1748352202.353229,0.0,0.0,0.0
1748352202.3630698,0.0,0.0,0.0
1748352202.373069,0.0,0.0,0.0
1748352202.3830504,0.0,0.0,0.0
1748352202.3931386,0.0,0.0,0.0
1748352202.4031532,0.0,0.0,0.0
1748352202.4131281,0.0,0.0,0.0
1748352202.4230611,0.0,0.0,0.0
1748352202.4330878,0.0,0.0,0.0
1748352202.44301,0.0,0.0,0.0
1748352202.4528668,0.0,0.0,0.0
1748352202.4631739,0.0,0.0,0.0
1748352202.473403,0.0,0.0,0.0
1748352202.4836273,0.0,0.0,0.0
1748352202.4927628,0.0,0.0,0.0
1748352202.5035698,0.0,0.0,0.0
1748352202.5135927,0.0,0.0,0.0
1748352202.5235662,0.0,0.0,0.0
1748352202.5330613,0.0,0.0,0.0
1748352202.5429912,0.0,0.0,0.0
1748352202.5527668,0.0,0.0,0.0
1748352202.563738,0.0,0.0,0.0
1748352202.5736713,0.0,0.0,0.0
1748352202.5836468,0.0,0.0,0.0
1748352202.5936174,0.0,0.0,0.0
1748352202.6027656,0.0,0.0,0.0
1748352202.6129298,0.0,0.0,0.0
1748352202.623597,0.0,0.0,0.0
1748352202.63357,0.0,0.0,0.0
1748352202.643246,0.0,0.0,0.0
1748352202.6528246,0.0,0.0,0.0
1748352202.6633844,0.0,0.0,0.0
1748352202.6734004,0.0,0.0,0.0
1748352202.683375,0.0,0.0,0.0
1748352202.6932163,0.0,0.0,0.0
1748352202.702876,0.0,0.0,0.0
1748352202.7128453,0.0,0.0,0.0
1748352202.7227807,0.0,0.0,0.0
1748352202.7327962,0.0,0.0,0.0
1748352202.7438579,0.0,0.0,0.0
1748352202.7537823,0.0,0.0,0.0
1748352202.76309,0.0,0.0,0.0
1748352202.7736874,0.0,0.0,0.0
1748352202.7828383,0.0,0.0,0.0
1748352202.7928135,0.0,0.0,0.0
1748352202.8037267,0.0,0.0,0.0
1748352202.8127635,0.0,0.0,0.0
1748352202.8237433,0.0,0.0,0.0
1748352202.8337116,0.0,0.0,0.0
1748352202.8437338,0.0,0.0,0.0
1748352202.8536575,0.0,0.0,0.0
1748352202.863633,0.0,0.0,0.0
1748352202.8736074,0.0,0.0,0.0
1748352202.883611,0.0,0.0,0.0
1748352202.8935542,0.0,0.0,0.0
1748352202.903527,0.0,0.0,0.0
1748352202.9130514,0.0,0.0,0.0
1748352202.9230435,0.0,0.0,0.0
1748352202.9330027,0.0,0.0,0.0
1748352202.9431841,0.0,0.0,0.0
1748352202.9531393,0.0,0.0,0.0
1748352202.9630735,0.0,0.0,0.0
1748352202.9730496,0.0,0.0,0.0
1748352202.9830208,0.0,0.0,0.0
1748352202.9934604,0.0,0.0,0.0
1748352203.0035315,0.0,0.0,0.0
1748352203.0134661,0.0,0.0,0.0
1748352203.0234518,0.0,0.0,0.0
1748352203.033412,0.0,0.0,0.0
1748352203.0433896,0.0,0.0,0.0
1748352203.0534415,0.0,0.0,0.0
1748352203.0633755,0.0,0.0,0.0
1748352203.073348,0.0,0.0,0.0
1748352203.0836587,0.0,0.0,0.0
1748352203.09291,0.0,0.0,0.0
1748352203.1035578,0.0,0.0,0.0
1748352203.1130676,0.0,0.0,0.0
1748352203.1230493,0.0,0.0,0.0
1748352203.133249,0.0,0.0,0.0
1748352203.1438196,0.0,0.0,0.0
1748352203.152838,0.0,0.0,0.0
1748352203.1637754,0.0,0.0,0.0
1748352203.1734793,0.0,0.0,0.0
1748352203.1834521,0.0,0.0,0.0
1748352203.1934297,0.0,0.0,0.0
1748352203.203398,0.0,0.0,0.0
1748352203.2133713,0.0,0.0,0.0
1748352203.2233458,0.0,0.0,0.0
1748352203.2327821,0.0,0.0,0.0
1748352203.2428253,0.0,0.0,0.0
1748352203.3358524,0.0,0.0,0.0
1748352203.3438275,0.0,0.0,0.0
1748352203.3528035,0.0,0.0,0.0
1748352203.3636148,0.0,0.0,0.0
1748352203.3728418,0.0,0.0,0.0
1748352203.3828135,0.0,0.0,0.0
1748352203.3928854,0.0,0.0,0.0
1748352203.4032319,0.0,0.0,0.0
1748352203.4133322,0.0,0.0,0.0
1748352203.4233024,0.0,0.0,0.0
1748352203.43297,0.0,0.0,0.0
1748352203.44291,0.0,0.0,0.0
1748352203.4530034,0.0,0.0,0.0
1748352203.462977,0.0,0.0,0.0
1748352203.472992,0.0,0.0,0.0
1748352203.48352,0.0,0.0,0.0
1748352203.4934666,0.0,0.0,0.0
1748352203.5034397,0.0,0.0,0.0
1748352203.5131695,0.0,0.0,0.0
1748352203.5231407,0.0,0.0,0.0
1748352203.5335011,0.0,0.0,0.0
1748352203.5434432,0.0,0.0,0.0
1748352203.5534525,0.0,0.0,0.0
1748352203.5628603,0.0,0.0,0.0
1748352203.5728433,0.0,0.0,0.0
1748352203.5832224,0.0,0.0,0.0
1748352203.593505,0.0,0.0,0.0
1748352203.6035185,0.0,0.0,0.0
1748352203.6132598,0.0,0.0,0.0
1748352203.623238,0.0,0.0,0.0
1748352203.633248,0.0,0.0,0.0
1748352203.6433363,0.0,0.0,0.0
1748352203.6534405,0.0,0.0,0.0
1748352203.6632845,0.0,0.0,0.0
1748352203.6732588,0.0,0.0,0.0
1748352203.6832697,0.0,0.0,0.0
1748352203.6938012,0.0,0.0,0.0
1748352203.703514,0.0,0.0,0.0
1748352203.7137508,0.0,0.0,0.0
1748352203.7247307,0.0,0.0,0.0
1748352203.7332363,0.0,0.0,0.0
1748352203.7432077,0.0,0.0,0.0
1748352203.753045,0.0,0.0,0.0
1748352203.7634048,0.0,0.0,0.0
1748352203.7728813,0.0,0.0,0.0
1748352203.7827966,0.0,0.0,0.0
1748352203.7932243,0.0,0.0,0.0
1748352203.8031995,0.0,0.0,0.0
1748352203.813405,0.0,0.0,0.0
1748352203.8233953,0.0,0.0,0.0
1748352203.8333585,0.0,0.0,0.0
1748352203.8436215,0.0,0.0,0.0
1748352203.853636,0.0,0.0,0.0
1748352203.8630276,0.0,0.0,0.0
1748352203.8730037,0.0,0.0,0.0
1748352203.8830156,0.0,0.0,0.0
1748352203.8930867,0.0,0.0,0.0
1748352203.9031055,0.0,0.0,0.0
1748352203.9133534,0.0,0.0,0.0
1748352203.9236927,0.0,0.0,0.0
1748352203.9336522,0.0,0.0,0.0
1748352203.9436746,0.0,0.0,0.0
1748352203.9535997,0.0,0.0,0.0
1748352203.9635732,0.0,0.0,0.0
1748352203.9730625,0.0,0.0,0.0
1748352203.9830735,0.0,0.0,0.0
1748352203.9930596,0.0,0.0,0.0
1748352204.0028906,0.0,0.0,0.0
1748352204.0129151,0.0,0.0,0.0
1748352204.022881,0.0,0.0,0.0
1748352204.0333064,0.0,0.0,0.0
1748352204.043638,0.0,0.0,0.0
1748352204.0536566,0.0,0.0,0.0
1748352204.0631664,0.0,0.0,0.0
1748352204.0731432,0.0,0.0,0.0
1748352204.0830672,0.0,0.0,0.0
1748352204.0934923,0.0,0.0,0.0
1748352204.1035085,0.0,0.0,0.0
1748352204.1131775,0.0,0.0,0.0
1748352204.1231549,0.0,0.0,0.0
1748352204.1331282,0.0,0.0,0.0
1748352204.142812,0.0,0.0,0.0
1748352204.152787,0.0,0.0,0.0
1748352204.1631286,0.0,0.0,0.0
1748352204.1729803,0.0,0.0,0.0
1748352204.1839402,0.0,0.0,0.0
1748352204.192914,0.0,0.0,0.0
1748352204.2032673,0.0,0.0,0.0
1748352204.2132008,0.0,0.0,0.0
1748352204.2231803,0.0,0.0,0.0
1748352204.2335157,0.0,0.0,0.0
1748352204.243461,0.0,0.0,0.0
1748352204.2528498,0.0,0.0,0.0
1748352204.3330007,0.0,0.0,0.0
1748352204.3429322,0.0,0.0,0.0
1748352204.352945,0.0,0.0,0.0
1748352204.36316,0.0,0.0,0.0
1748352204.3731399,0.0,0.0,0.0
1748352204.3831115,0.0,0.0,0.0
1748352204.3928034,0.0,0.0,0.0
1748352204.4028168,0.0,0.0,0.0
1748352204.4138145,0.0,0.0,0.0
1748352204.4229248,0.0,0.0,0.0
1748352204.4328566,0.0,0.0,0.0
1748352204.44283,0.0,0.0,0.0
1748352204.4534912,0.0,0.0,0.0
1748352204.4637468,0.0,0.0,0.0
1748352204.4734786,0.0,0.0,0.0
1748352204.483239,0.0,0.0,0.0
1748352204.493731,0.0,0.0,0.0
1748352204.5031493,0.0,0.0,0.0
1748352204.5133529,0.0,0.0,0.0
1748352204.5228155,0.0,0.0,0.0
1748352204.533736,0.0,0.0,0.0
1748352204.5427654,0.0,0.0,0.0
1748352204.55281,0.0,0.0,0.0
1748352204.5634806,0.0,0.0,0.0
1748352204.573458,0.0,0.0,0.0
1748352204.5827727,0.0,0.0,0.0
1748352204.5927837,0.0,0.0,0.0
1748352204.603718,0.0,0.0,0.0
1748352204.6136909,0.0,0.0,0.0
1748352204.6236634,0.0,0.0,0.0
1748352204.634634,0.0,0.0,0.0
1748352204.64361,0.0,0.0,0.0
1748352204.6535835,0.0,0.0,0.0
1748352204.6629524,0.0,0.0,0.0
1748352204.6736891,0.0,0.0,0.0
1748352204.6836631,0.0,0.0,0.0
1748352204.693009,0.0,0.0,0.0
1748352204.7032323,0.0,0.0,0.0
1748352204.71328,0.0,0.0,0.0
1748352204.7242565,0.0,0.0,0.0
1748352204.733551,0.0,0.0,0.0
1748352204.743524,0.0,0.0,0.0
1748352204.7534976,0.0,0.0,0.0
1748352204.7634773,0.0,0.0,0.0
1748352204.7734427,0.0,0.0,0.0
1748352204.7834566,0.0,0.0,0.0
1748352204.7934413,0.0,0.0,0.0
1748352204.8033636,0.0,0.0,0.0
1748352204.8134024,0.0,0.0,0.0
1748352204.822847,0.0,0.0,0.0
1748352204.8332627,0.0,0.0,0.0
1748352204.8432872,0.0,0.0,0.0
1748352204.853248,0.0,0.0,0.0
1748352204.8635674,0.0,0.0,0.0
1748352204.8731163,0.0,0.0,0.0
1748352204.8834536,0.0,0.0,0.0
1748352204.8934588,0.0,0.0,0.0
1748352204.9034421,0.0,0.0,0.0
1748352204.9128053,0.0,0.0,0.0
1748352204.9227824,0.0,0.0,0.0
1748352204.9337535,0.0,0.0,0.0
1748352204.9447246,0.0,0.0,0.0
1748352204.9536245,0.0,0.0,0.0
1748352204.9629436,0.0,0.0,0.0
1748352204.9735749,0.0,0.0,0.0
1748352204.9835854,0.0,0.0,0.0
1748352204.9935675,0.0,0.0,0.0
1748352205.0034928,0.0,0.0,0.0
1748352205.012823,0.0,0.0,0.0
1748352205.0252998,0.0,0.0,0.0
1748352205.033338,0.0,0.0,0.0
1748352205.0427659,0.0,0.0,0.0
1748352205.053785,0.0,0.0,0.0
1748352205.063713,0.0,0.0,0.0
1748352205.0747106,0.0,0.0,0.0
1748352205.0837054,0.0,0.0,0.0
1748352205.093668,0.0,0.0,0.0
1748352205.1036243,0.0,0.0,0.0
1748352205.1135867,0.0,0.0,0.0
1748352205.12356,0.0,0.0,0.0
1748352205.133285,0.0,0.0,0.0
1748352205.143295,0.0,0.0,0.0
1748352205.153219,0.0,0.0,0.0
1748352205.163474,0.0,0.0,0.0
1748352205.1741648,0.0,0.0,0.0
1748352205.1831417,0.0,0.0,0.0
1748352205.192775,0.0,0.0,0.0
1748352205.2033265,0.0,0.0,0.0
1748352205.2133024,0.0,0.0,0.0
1748352205.2232375,0.0,0.0,0.0
1748352205.2332118,0.0,0.0,0.0
1748352205.244182,0.0,0.0,0.0
1748352205.2536726,0.0,0.0,0.0
1748352205.3375027,0.0,0.0,0.0
1748352205.343487,0.0,0.0,0.0
1748352205.3535507,0.0,0.0,0.0
1748352205.363483,0.0,0.0,0.0
1748352205.373454,0.0,0.0,0.0
1748352205.3834305,0.0,0.0,0.0
1748352205.393441,0.0,0.0,0.0
1748352205.4034145,0.0,0.0,0.0
1748352205.4129097,0.0,0.0,0.0
1748352205.4238882,0.0,0.0,0.0
1748352205.4338775,0.0,0.0,0.0
1748352205.4428346,0.0,0.0,0.0
1748352205.4535017,0.0,0.0,0.0
1748352205.4630957,0.0,0.0,0.0
1748352205.472833,0.0,0.0,0.0
1748352205.483037,0.0,0.0,0.0
1748352205.4933796,0.0,0.0,0.0
1748352205.5035105,0.0,0.0,0.0
1748352205.5134468,0.0,0.0,0.0
1748352205.5234575,0.0,0.0,0.0
1748352205.5332806,0.0,0.0,0.0
1748352205.5442545,0.0,0.0,0.0
1748352205.5532684,0.0,0.0,0.0
1748352205.562812,0.0,0.0,0.0
1748352205.5748754,0.0,0.0,0.0
1748352205.5835934,0.0,0.0,0.0
1748352205.5931602,0.0,0.0,0.0
1748352205.6030393,0.0,0.0,0.0
1748352205.6129603,0.0,0.0,0.0
1748352205.6244235,0.0,0.0,0.0
1748352205.6336076,0.0,0.0,0.0
1748352205.6434672,0.0,0.0,0.0
1748352205.6527684,0.0,0.0,0.0
1748352205.6627996,0.0,0.0,0.0
1748352205.6737757,0.0,0.0,0.0
1748352205.6837459,0.0,0.0,0.0
1748352205.6937187,0.0,0.0,0.0
1748352205.7032187,0.0,0.0,0.0
1748352205.7131927,0.0,0.0,0.0
1748352205.7250764,0.0,0.0,0.0
1748352205.7327886,0.0,0.0,0.0
1748352205.7430859,0.0,0.0,0.0
1748352205.7538302,0.0,0.0,0.0
1748352205.7628202,0.0,0.0,0.0
1748352205.77316,0.0,0.0,0.0
1748352205.784443,0.0,0.0,0.0
1748352205.7932727,0.0,0.0,0.0
1748352205.8045943,0.0,0.0,0.0
1748352205.8129573,0.0,0.0,0.0
1748352205.8239315,0.0,0.0,0.0
1748352205.8329043,0.0,0.0,0.0
1748352205.8428786,0.0,0.0,0.0
1748352205.85289,0.0,0.0,0.0
1748352205.8628247,0.0,0.0,0.0
1748352205.8728395,0.0,0.0,0.0
1748352205.8831754,0.0,0.0,0.0
1748352205.8929565,0.0,0.0,0.0
1748352205.9031053,0.0,0.0,0.0
1748352205.913038,0.0,0.0,0.0
1748352205.923062,0.0,0.0,0.0
1748352205.9330518,0.0,0.0,0.0
1748352205.9428349,0.0,0.0,0.0
1748352205.95301,0.0,0.0,0.0
1748352205.9630268,0.0,0.0,0.0
1748352205.973003,0.0,0.0,0.0
1748352205.982976,0.0,0.0,0.0
1748352205.992993,0.0,0.0,0.0
1748352206.002798,0.0,0.0,0.0
1748352206.0147033,0.0,0.0,0.0
1748352206.0236614,0.0,0.0,0.0
1748352206.0336325,0.0,0.0,0.0
1748352206.0436072,0.0,0.0,0.0
1748352206.05358,0.0,0.0,0.0
1748352206.0632772,0.0,0.0,0.0
1748352206.0727882,0.0,0.0,0.0
1748352206.083183,0.0,0.0,0.0
1748352206.0936055,0.0,0.0,0.0
1748352206.103202,0.0,0.0,0.0
1748352206.1130676,0.0,0.0,0.0
1748352206.123213,0.0,0.0,0.0
1748352206.1332157,0.0,0.0,0.0
1748352206.1431794,0.0,0.0,0.0
1748352206.1535537,0.0,0.0,0.0
1748352206.163191,0.0,0.0,0.0
1748352206.173289,0.0,0.0,0.0
1748352206.1832373,0.0,0.0,0.0
1748352206.1937442,0.0,0.0,0.0
1748352206.2031271,0.0,0.0,0.0
1748352206.2135882,0.0,0.0,0.0
1748352206.2241695,0.0,0.0,0.0
1748352206.2327628,0.0,0.0,0.0
1748352206.2441425,0.0,0.0,0.0
1748352206.3459802,0.0,0.0,0.0
1748352206.3529594,0.0,0.0,0.0
1748352206.3634193,0.0,0.0,0.0
1748352206.373125,0.0,0.0,0.0
1748352206.3829634,0.0,0.0,0.0
1748352206.393335,0.0,0.0,0.0
1748352206.4028592,0.0,0.0,0.0
1748352206.413174,0.0,0.0,0.0
1748352206.4227667,0.0,0.0,0.0
1748352206.432781,0.0,0.0,0.0
1748352206.443711,0.0,0.0,0.0
1748352206.453068,0.0,0.0,0.0
1748352206.4630477,0.0,0.0,0.0
1748352206.4730144,0.0,0.0,0.0
1748352206.483747,0.0,0.0,0.0
1748352206.493719,0.0,0.0,0.0
1748352206.503121,0.0,0.0,0.0
1748352206.5130572,0.0,0.0,0.0
1748352206.52303,0.0,0.0,0.0
1748352206.5330415,0.0,0.0,0.0
1748352206.5428648,0.0,0.0,0.0
1748352206.5534546,0.0,0.0,0.0
1748352206.5632644,0.0,0.0,0.0
1748352206.5732424,0.0,0.0,0.0
1748352206.5832114,0.0,0.0,0.0
1748352206.5931845,0.0,0.0,0.0
1748352206.6031578,0.0,0.0,0.0
1748352206.6130142,0.0,0.0,0.0
1748352206.6229947,0.0,0.0,0.0
1748352206.6329646,0.0,0.0,0.0
1748352206.6429386,0.0,0.0,0.0
1748352206.6529117,0.0,0.0,0.0
1748352206.6644044,0.0,0.0,0.0
1748352206.673375,0.0,0.0,0.0
1748352206.6833487,0.0,0.0,0.0
1748352206.6933222,0.0,0.0,0.0
1748352206.7032957,0.0,0.0,0.0
1748352206.7132685,0.0,0.0,0.0
1748352206.7232459,0.0,0.0,0.0
1748352206.7332144,0.0,0.0,0.0
1748352206.7431884,0.0,0.0,0.0
1748352206.753163,0.0,0.0,0.0
1748352206.7631373,0.0,0.0,0.0
1748352206.7731082,0.0,0.0,0.0
1748352206.7830908,0.0,0.0,0.0
1748352206.7930536,0.0,0.0,0.0
1748352206.8030279,0.0,0.0,0.0
1748352206.8127716,0.0,0.0,0.0
1748352206.8227768,0.0,0.0,0.0
1748352206.8334477,0.0,0.0,0.0
1748352206.8434098,0.0,0.0,0.0
1748352206.8529782,0.0,0.0,0.0
1748352206.8632617,0.0,0.0,0.0
1748352206.8732648,0.0,0.0,0.0
1748352206.8834047,0.0,0.0,0.0
1748352206.8933873,0.0,0.0,0.0
1748352206.9030097,0.0,0.0,0.0
1748352206.9127772,0.0,0.0,0.0
1748352206.9237638,0.0,0.0,0.0
1748352206.9333363,0.0,0.0,0.0
1748352206.9432814,0.0,0.0,0.0
1748352206.9532294,0.0,0.0,0.0
1748352206.9632006,0.0,0.0,0.0
1748352206.972825,0.0,0.0,0.0
1748352206.9827986,0.0,0.0,0.0
1748352206.9937832,0.0,0.0,0.0
1748352207.0037427,0.0,0.0,0.0
1748352207.0137157,0.0,0.0,0.0
1748352207.0236905,0.0,0.0,0.0
1748352207.0336635,0.0,0.0,0.0
1748352207.0436366,0.0,0.0,0.0
1748352207.0536087,0.0,0.0,0.0
1748352207.0631213,0.0,0.0,0.0
1748352207.0730913,0.0,0.0,0.0
1748352207.0830705,0.0,0.0,0.0
1748352207.0940428,0.0,0.0,0.0
1748352207.1030118,0.0,0.0,0.0
1748352207.1129856,0.0,0.0,0.0
1748352207.1229587,0.0,0.0,0.0
1748352207.1329327,0.0,0.0,0.0
1748352207.1429062,0.0,0.0,0.0
1748352207.152878,0.0,0.0,0.0
1748352207.1628542,0.0,0.0,0.0
1748352207.1728246,0.0,0.0,0.0
1748352207.1838033,0.0,0.0,0.0
1748352207.1927722,0.0,0.0,0.0
1748352207.2037418,0.0,0.0,0.0
1748352207.2127757,0.0,0.0,0.0
1748352207.2237518,0.0,0.0,0.0
1748352207.233741,0.0,0.0,0.0
1748352207.2427926,0.0,0.0,0.0
1748352207.2528367,0.0,0.0,0.0
1748352207.3515735,0.0,0.0,0.0
1748352207.3535676,0.0,0.0,0.0
1748352207.3634236,0.0,0.0,0.0
1748352207.373396,0.0,0.0,0.0
1748352207.383383,0.0,0.0,0.0
1748352207.393434,0.0,0.0,0.0
1748352207.4031663,0.0,0.0,0.0
1748352207.41279,0.0,0.0,0.0
1748352207.422762,0.0,0.0,0.0
1748352207.433567,0.0,0.0,0.0
1748352207.4435658,0.0,0.0,0.0
1748352207.453473,0.0,0.0,0.0
1748352207.4631913,0.0,0.0,0.0
1748352207.4732323,0.0,0.0,0.0
1748352207.4834166,0.0,0.0,0.0
1748352207.4937263,0.0,0.0,0.0
1748352207.503041,0.0,0.0,0.0
1748352207.5130527,0.0,0.0,0.0
1748352207.5232759,0.0,0.0,0.0
1748352207.5333927,0.0,0.0,0.0
1748352207.543326,0.0,0.0,0.0
1748352207.5532978,0.0,0.0,0.0
1748352207.56342,0.0,0.0,0.0
1748352207.573412,0.0,0.0,0.0
1748352207.5834072,0.0,0.0,0.0
1748352207.5933409,0.0,0.0,0.0
1748352207.6033456,0.0,0.0,0.0
1748352207.6132877,0.0,0.0,0.0
1748352207.623747,0.0,0.0,0.0
1748352207.633725,0.0,0.0,0.0
1748352207.6433947,0.0,0.0,0.0
1748352207.6533983,0.0,0.0,0.0
1748352207.6633468,0.0,0.0,0.0
1748352207.6733656,0.0,0.0,0.0
1748352207.6835098,0.0,0.0,0.0
1748352207.6937096,0.0,0.0,0.0
1748352207.703278,0.0,0.0,0.0
1748352207.7127697,0.0,0.0,0.0
1748352207.7230623,0.0,0.0,0.0
1748352207.73316,0.0,0.0,0.0
1748352207.7431636,0.0,0.0,0.0
1748352207.7531075,0.0,0.0,0.0
1748352207.763084,0.0,0.0,0.0
1748352207.7734559,0.0,0.0,0.0
1748352207.7834136,0.0,0.0,0.0
1748352207.7934265,0.0,0.0,0.0
1748352207.80336,0.0,0.0,0.0
1748352207.8131146,0.0,0.0,0.0
1748352207.8227673,0.0,0.0,0.0
1748352207.832785,0.0,0.0,0.0
1748352207.8431554,0.0,0.0,0.0
1748352207.8531406,0.0,0.0,0.0
1748352207.8627658,0.0,0.0,0.0
1748352207.8751416,0.0,0.0,0.0
1748352207.8831222,0.0,0.0,0.0
1748352207.8931391,0.0,0.0,0.0
1748352207.90307,0.0,0.0,0.0
1748352207.9130425,0.0,0.0,0.0
1748352207.9230158,0.0,0.0,0.0
1748352207.9330065,0.0,0.0,0.0
1748352207.942951,0.0,0.0,0.0
1748352207.9530149,0.0,0.0,0.0
1748352207.962961,0.0,0.0,0.0
1748352207.9729342,0.0,0.0,0.0
1748352207.9829106,0.0,0.0,0.0
1748352207.992803,0.0,0.0,0.0
1748352208.0030353,0.0,0.0,0.0
1748352208.0127838,0.0,0.0,0.0
1748352208.0247998,0.0,0.0,0.0
1748352208.0334132,0.0,0.0,0.0
1748352208.0433857,0.0,0.0,0.0
1748352208.0533738,0.0,0.0,0.0
1748352208.0633333,0.0,0.0,0.0
1748352208.073334,0.0,0.0,0.0
1748352208.0833073,0.0,0.0,0.0
1748352208.093318,0.0,0.0,0.0
1748352208.1032922,0.0,0.0,0.0
1748352208.1133535,0.0,0.0,0.0
1748352208.1233797,0.0,0.0,0.0
1748352208.1332982,0.0,0.0,0.0
1748352208.1432753,0.0,0.0,0.0
1748352208.1532485,0.0,0.0,0.0
1748352208.16322,0.0,0.0,0.0
1748352208.1731973,0.0,0.0,0.0
1748352208.1832037,0.0,0.0,0.0
1748352208.1939142,0.0,0.0,0.0
1748352208.203573,0.0,0.0,0.0
1748352208.2135444,0.0,0.0,0.0
1748352208.2245061,0.0,0.0,0.0
1748352208.2335267,0.0,0.0,0.0
1748352208.24346,0.0,0.0,0.0
1748352208.3343344,0.0,0.0,0.0
1748352208.342765,0.0,0.0,0.0
1748352208.3527787,0.0,0.0,0.0
1748352208.3647125,0.0,0.0,0.0
1748352208.373685,0.0,0.0,0.0
1748352208.3837001,0.0,0.0,0.0
1748352208.3936722,0.0,0.0,0.0
1748352208.4036489,0.0,0.0,0.0
1748352208.4159596,0.0,0.0,0.0
1748352208.4238746,0.0,0.0,0.0
1748352208.433378,0.0,0.0,0.0
1748352208.4433115,0.0,0.0,0.0
1748352208.4532905,0.0,0.0,0.0
1748352208.4639618,0.0,0.0,0.0
1748352208.473509,0.0,0.0,0.0
1748352208.4834838,0.0,0.0,0.0
1748352208.4928927,0.0,0.0,0.0
1748352208.5035164,0.0,0.0,0.0
1748352208.5134919,0.0,0.0,0.0
1748352208.5234718,0.0,0.0,0.0
1748352208.5334415,0.0,0.0,0.0
1748352208.543644,0.0,0.0,0.0
1748352208.5527744,0.0,0.0,0.0
1748352208.5627697,0.0,0.0,0.0
1748352208.573745,0.0,0.0,0.0
1748352208.583717,0.0,0.0,0.0
1748352208.5932474,0.0,0.0,0.0
1748352208.604218,0.0,0.0,0.0
1748352208.6128118,0.0,0.0,0.0
1748352208.624628,0.0,0.0,0.0
1748352208.6330016,0.0,0.0,0.0
1748352208.642984,0.0,0.0,0.0
1748352208.656335,0.0,0.0,0.0
1748352208.662775,0.0,0.0,0.0
1748352208.6728141,0.0,0.0,0.0
1748352208.6837428,0.0,0.0,0.0
1748352208.693715,0.0,0.0,0.0
1748352208.7036886,0.0,0.0,0.0
1748352208.716653,0.0,0.0,0.0
1748352208.7260523,0.0,0.0,0.0
1748352208.7330596,0.0,0.0,0.0
1748352208.7430766,0.0,0.0,0.0
1748352208.7535539,0.0,0.0,0.0
1748352208.7656782,0.0,0.0,0.0
1748352208.7737453,0.0,0.0,0.0
1748352208.782768,0.0,0.0,0.0
1748352208.792791,0.0,0.0,0.0
1748352208.8036509,0.0,0.0,0.0
1748352208.8136253,0.0,0.0,0.0
1748352208.8236096,0.0,0.0,0.0
1748352208.8331056,0.0,0.0,0.0
1748352208.8430672,0.0,0.0,0.0
1748352208.8530383,0.0,0.0,0.0
1748352208.8627682,0.0,0.0,0.0
1748352208.8750029,0.0,0.0,0.0
1748352208.883549,0.0,0.0,0.0
1748352208.8927689,0.0,0.0,0.0
1748352208.903896,0.0,0.0,0.0
1748352208.9131587,0.0,0.0,0.0
1748352208.923054,0.0,0.0,0.0
1748352208.9333107,0.0,0.0,0.0
1748352208.9433937,0.0,0.0,0.0
1748352208.9531558,0.0,0.0,0.0
1748352208.9628267,0.0,0.0,0.0
1748352208.973312,0.0,0.0,0.0
1748352208.983108,0.0,0.0,0.0
1748352208.9937139,0.0,0.0,0.0
1748352209.0036745,0.0,0.0,0.0
1748352209.013625,0.0,0.0,0.0
1748352209.023205,0.0,0.0,0.0
1748352209.0330093,0.0,0.0,0.0
1748352209.0428922,0.0,0.0,0.0
1748352209.0531921,0.0,0.0,0.0
1748352209.0631516,0.0,0.0,0.0
1748352209.0737138,0.0,0.0,0.0
1748352209.0833044,0.0,0.0,0.0
1748352209.092943,0.0,0.0,0.0
1748352209.1033187,0.0,0.0,0.0
1748352209.1132843,0.0,0.0,0.0
1748352209.123483,0.0,0.0,0.0
1748352209.1332965,0.0,0.0,0.0
1748352209.1431978,0.0,0.0,0.0
1748352209.153144,0.0,0.0,0.0
1748352209.1631198,0.0,0.0,0.0
1748352209.1729167,0.0,0.0,0.0
1748352209.182805,0.0,0.0,0.0
1748352209.1928377,0.0,0.0,0.0
1748352209.2028081,0.0,0.0,0.0
1748352209.2127795,0.0,0.0,0.0
1748352209.2228067,0.0,0.0,0.0
1748352209.232969,0.0,0.0,0.0
1748352209.2427783,0.0,0.0,0.0
1748352209.2529585,0.0,0.0,0.0
1748352209.301293,0.0,0.0,0.0
1748352209.3032982,0.0,0.0,0.0
1748352209.313548,0.0,0.0,0.0
1748352209.3232932,0.0,0.0,0.0
1748352209.3331492,0.0,0.0,0.0
1748352209.3433084,0.0,0.0,0.0
1748352209.353291,0.0,0.0,0.0
1748352209.3641365,0.0,0.0,0.0
1748352209.373123,0.0,0.0,0.0
1748352209.3830929,0.0,0.0,0.0
1748352209.3928833,0.0,0.0,0.0
1748352209.4031398,0.0,0.0,0.0
1748352209.4136689,0.0,0.0,0.0
1748352209.4236014,0.0,0.0,0.0
1748352209.4336162,0.0,0.0,0.0
1748352209.4435892,0.0,0.0,0.0
1748352209.4535627,0.0,0.0,0.0
1748352209.4634995,0.0,0.0,0.0
1748352209.4729276,0.0,0.0,0.0
1748352209.482862,0.0,0.0,0.0
1748352209.4928708,0.0,0.0,0.0
1748352209.5028455,0.0,0.0,0.0
1748352209.5128329,0.0,0.0,0.0
1748352209.5238607,0.0,0.0,0.0
1748352209.5336885,0.0,0.0,0.0
1748352209.542859,0.0,0.0,0.0
1748352209.552863,0.0,0.0,0.0
1748352209.5628207,0.0,0.0,0.0
1748352209.5728202,0.0,0.0,0.0
1748352209.5830925,0.0,0.0,0.0
1748352209.593903,0.0,0.0,0.0
1748352209.6031058,0.0,0.0,0.0
1748352209.612766,0.0,0.0,0.0
1748352209.6237435,0.0,0.0,0.0
1748352209.633714,0.0,0.0,0.0
1748352209.6436863,0.0,0.0,0.0
1748352209.6536598,0.0,0.0,0.0
1748352209.6636338,0.0,0.0,0.0
1748352209.6736064,0.0,0.0,0.0
1748352209.6835804,0.0,0.0,0.0
1748352209.693553,0.0,0.0,0.0
1748352209.7035267,0.0,0.0,0.0
1748352209.7135005,0.0,0.0,0.0
1748352209.7234824,0.0,0.0,0.0
1748352209.732964,0.0,0.0,0.0
1748352209.7429364,0.0,0.0,0.0
1748352209.75291,0.0,0.0,0.0
1748352209.7629032,0.0,0.0,0.0
1748352209.7728653,0.0,0.0,0.0
1748352209.7828293,0.0,0.0,0.0
1748352209.7928019,0.0,0.0,0.0
1748352209.8027754,0.0,0.0,0.0
1748352209.8137538,0.0,0.0,0.0
1748352209.8237207,0.0,0.0,0.0
1748352209.8336935,0.0,0.0,0.0
1748352209.8436887,0.0,0.0,0.0
1748352209.85366,0.0,0.0,0.0
1748352209.8646364,0.0,0.0,0.0
1748352209.873596,0.0,0.0,0.0
1748352209.8835921,0.0,0.0,0.0
1748352209.8928094,0.0,0.0,0.0
1748352209.9027877,0.0,0.0,0.0
1748352209.9128048,0.0,0.0,0.0
1748352209.9230852,0.0,0.0,0.0
1748352209.9330614,0.0,0.0,0.0
1748352209.9427772,0.0,0.0,0.0
1748352209.952987,0.0,0.0,0.0
1748352209.9629354,0.0,0.0,0.0
1748352209.9730983,0.0,0.0,0.0
1748352209.9829345,0.0,0.0,0.0
1748352209.9935248,0.0,0.0,0.0
1748352210.0034757,0.0,0.0,0.0
1748352210.0144413,0.0,0.0,0.0
1748352210.0234025,0.0,0.0,0.0
1748352210.0334554,0.0,0.0,0.0
1748352210.0434542,0.0,0.0,0.0
1748352210.0533733,0.0,0.0,0.0
1748352210.0636082,0.0,0.0,0.0
1748352210.073673,0.0,0.0,0.0
1748352210.083617,0.0,0.0,0.0
1748352210.0928264,0.0,0.0,0.0
1748352210.1028452,0.0,0.0,0.0
1748352210.1136353,0.0,0.0,0.0
1748352210.123602,0.0,0.0,0.0
1748352210.1335778,0.0,0.0,0.0
1748352210.1435668,0.0,0.0,0.0
1748352210.1535623,0.0,0.0,0.0
1748352210.1635504,0.0,0.0,0.0
1748352210.1731434,0.0,0.0,0.0
1748352210.1831849,0.0,0.0,0.0
1748352210.1928287,0.0,0.0,0.0
1748352210.2028646,0.0,0.0,0.0
1748352210.2128878,0.0,0.0,0.0
1748352210.2228358,0.0,0.0,0.0
1748352210.2331402,0.0,0.0,0.0
1748352210.2436454,0.0,0.0,0.0
1748352210.339337,0.0,0.0,0.0
1748352210.3433285,0.0,0.0,0.0
1748352210.353301,0.0,0.0,0.0
1748352210.3634977,0.0,0.0,0.0
1748352210.3734689,0.0,0.0,0.0
1748352210.3834698,0.0,0.0,0.0
1748352210.3934155,0.0,0.0,0.0
1748352210.4030437,0.0,0.0,0.0
1748352210.413026,0.0,0.0,0.0
1748352210.42299,0.0,0.0,0.0
1748352210.4330032,0.0,0.0,0.0
1748352210.4431744,0.0,0.0,0.0
1748352210.453018,0.0,0.0,0.0
1748352210.4630418,0.0,0.0,0.0
1748352210.4733133,0.0,0.0,0.0
1748352210.4833422,0.0,0.0,0.0
1748352210.4930453,0.0,0.0,0.0
1748352210.5030491,0.0,0.0,0.0
1748352210.5144079,0.0,0.0,0.0
1748352210.5236647,0.0,0.0,0.0
1748352210.5333865,0.0,0.0,0.0
1748352210.5434458,0.0,0.0,0.0
1748352210.5534208,0.0,0.0,0.0
1748352210.5634081,0.0,0.0,0.0
1748352210.5733712,0.0,0.0,0.0
1748352210.5833416,0.0,0.0,0.0
1748352210.593355,0.0,0.0,0.0
1748352210.6032877,0.0,0.0,0.0
1748352210.6133156,0.0,0.0,0.0
1748352210.623339,0.0,0.0,0.0
1748352210.633387,0.0,0.0,0.0
1748352210.6430063,0.0,0.0,0.0
1748352210.6536965,0.0,0.0,0.0
1748352210.6636698,0.0,0.0,0.0
1748352210.6735442,0.0,0.0,0.0
1748352210.6833253,0.0,0.0,0.0
1748352210.6931858,0.0,0.0,0.0
1748352210.7036557,0.0,0.0,0.0
1748352210.7136354,0.0,0.0,0.0
1748352210.723112,0.0,0.0,0.0
1748352210.7330947,0.0,0.0,0.0
1748352210.7430162,0.0,0.0,0.0
1748352210.7529895,0.0,0.0,0.0
1748352210.7639806,0.0,0.0,0.0
1748352210.7733724,0.0,0.0,0.0
1748352210.7832742,0.0,0.0,0.0
1748352210.7930539,0.0,0.0,0.0
1748352210.803044,0.0,0.0,0.0
1748352210.8134098,0.0,0.0,0.0
1748352210.8233762,0.0,0.0,0.0
1748352210.833571,0.0,0.0,0.0
1748352210.843297,0.0,0.0,0.0
1748352210.8532767,0.0,0.0,0.0
1748352210.863266,0.0,0.0,0.0
1748352210.8730612,0.0,0.0,0.0
1748352210.8829205,0.0,0.0,0.0
1748352210.8930826,0.0,0.0,0.0
1748352210.9029884,0.0,0.0,0.0
1748352210.9133952,0.0,0.0,0.0
1748352210.9234643,0.0,0.0,0.0
1748352210.9334404,0.0,0.0,0.0
1748352210.943414,0.0,0.0,0.0
1748352210.953387,0.0,0.0,0.0
1748352210.9633791,0.0,0.0,0.0
1748352210.9730508,0.0,0.0,0.0
1748352210.9830196,0.0,0.0,0.0
1748352210.9930885,0.0,0.0,0.0
1748352211.002894,0.0,0.0,0.0
1748352211.012875,0.0,0.0,0.0
1748352211.022853,0.0,0.0,0.0
1748352211.0334978,0.0,0.0,0.0
1748352211.0434377,0.0,0.0,0.0
1748352211.0534425,0.0,0.0,0.0
1748352211.0629604,0.0,0.0,0.0
1748352211.073043,0.0,0.0,0.0
1748352211.0832412,0.0,0.0,0.0
1748352211.0933788,0.0,0.0,0.0
1748352211.1033535,0.0,0.0,0.0
1748352211.1133325,0.0,0.0,0.0
1748352211.1235783,0.0,0.0,0.0
1748352211.1329036,0.0,0.0,0.0
1748352211.142835,0.0,0.0,0.0
1748352211.1528544,0.0,0.0,0.0
1748352211.1631885,0.0,0.0,0.0
1748352211.1739867,0.0,0.0,0.0
1748352211.18334,0.0,0.0,0.0
1748352211.1928728,0.0,0.0,0.0
1748352211.2037232,0.0,0.0,0.0
1748352211.2137244,0.0,0.0,0.0
1748352211.2228289,0.0,0.0,0.0
1748352211.233686,0.0,0.0,0.0
1748352211.24362,0.0,0.0,0.0
1748352211.2546337,0.0,0.0,0.0
1748352211.3383665,0.0,0.0,0.0
1748352211.343065,0.0,0.0,0.0
1748352211.3530416,0.0,0.0,0.0
1748352211.3627787,0.0,0.0,0.0
1748352211.3730588,0.0,0.0,0.0
1748352211.3829005,0.0,0.0,0.0
1748352211.393745,0.0,0.0,0.0
1748352211.4037116,0.0,0.0,0.0
1748352211.4137135,0.0,0.0,0.0
1748352211.4237103,0.0,0.0,0.0
1748352211.433684,0.0,0.0,0.0
1748352211.4436622,0.0,0.0,0.0
1748352211.4534833,0.0,0.0,0.0
1748352211.4634385,0.0,0.0,0.0
1748352211.4734042,0.0,0.0,0.0
1748352211.483377,0.0,0.0,0.0
1748352211.4931495,0.0,0.0,0.0
1748352211.5036738,0.0,0.0,0.0
1748352211.5133133,0.0,0.0,0.0
1748352211.5233262,0.0,0.0,0.0
1748352211.5330844,0.0,0.0,0.0
1748352211.5431058,0.0,0.0,0.0
1748352211.553032,0.0,0.0,0.0
1748352211.5633228,0.0,0.0,0.0
1748352211.5732675,0.0,0.0,0.0
1748352211.583278,0.0,0.0,0.0
1748352211.593244,0.0,0.0,0.0
1748352211.6031802,0.0,0.0,0.0
1748352211.613341,0.0,0.0,0.0
1748352211.6234434,0.0,0.0,0.0
1748352211.6332848,0.0,0.0,0.0
1748352211.6431546,0.0,0.0,0.0
1748352211.6535938,0.0,0.0,0.0
1748352211.6634028,0.0,0.0,0.0
1748352211.6734304,0.0,0.0,0.0
1748352211.683244,0.0,0.0,0.0
1748352211.693249,0.0,0.0,0.0
1748352211.7028952,0.0,0.0,0.0
1748352211.7128673,0.0,0.0,0.0
1748352211.7228472,0.0,0.0,0.0
1748352211.7328136,0.0,0.0,0.0
1748352211.7430806,0.0,0.0,0.0
1748352211.7532868,0.0,0.0,0.0
1748352211.7628653,0.0,0.0,0.0
1748352211.77284,0.0,0.0,0.0
1748352211.7836602,0.0,0.0,0.0
1748352211.7929041,0.0,0.0,0.0
1748352211.8035777,0.0,0.0,0.0
1748352211.8128283,0.0,0.0,0.0
1748352211.8236449,0.0,0.0,0.0
1748352211.833359,0.0,0.0,0.0
1748352211.8430724,0.0,0.0,0.0
1748352211.8536808,0.0,0.0,0.0
1748352211.8637667,0.0,0.0,0.0
1748352211.8737364,0.0,0.0,0.0
1748352211.883672,0.0,0.0,0.0
1748352211.8930383,0.0,0.0,0.0
1748352211.9036632,0.0,0.0,0.0
1748352211.9130955,0.0,0.0,0.0
1748352211.923053,0.0,0.0,0.0
1748352211.9328897,0.0,0.0,0.0
1748352211.9429665,0.0,0.0,0.0
1748352211.9532492,0.0,0.0,0.0
1748352211.9633615,0.0,0.0,0.0
1748352211.9733353,0.0,0.0,0.0
1748352211.9829571,0.0,0.0,0.0
1748352211.992903,0.0,0.0,0.0
1748352212.0028746,0.0,0.0,0.0
1748352212.0137546,0.0,0.0,0.0
1748352212.023686,0.0,0.0,0.0
1748352212.03366,0.0,0.0,0.0
1748352212.0436451,0.0,0.0,0.0
1748352212.053606,0.0,0.0,0.0
1748352212.0633106,0.0,0.0,0.0
1748352212.0729284,0.0,0.0,0.0
1748352212.0828059,0.0,0.0,0.0
1748352212.094143,0.0,0.0,0.0
1748352212.103122,0.0,0.0,0.0
1748352212.1130948,0.0,0.0,0.0
1748352212.1230817,0.0,0.0,0.0
1748352212.1330419,0.0,0.0,0.0
1748352212.143016,0.0,0.0,0.0
1748352212.1529887,0.0,0.0,0.0
1748352212.1629663,0.0,0.0,0.0
1748352212.172935,0.0,0.0,0.0
1748352212.1829076,0.0,0.0,0.0
1748352212.1928806,0.0,0.0,0.0
1748352212.202855,0.0,0.0,0.0
1748352212.2128284,0.0,0.0,0.0
1748352212.2228076,0.0,0.0,0.0
1748352212.2327857,0.0,0.0,0.0
1748352212.2437449,0.0,0.0,0.0
1748352212.2530084,0.0,0.0,0.0
1748352212.2631872,0.0,0.0,0.0
1748352212.3427556,0.0,0.0,0.0
1748352212.3432932,0.0,0.0,0.0
1748352212.3534136,0.0,0.0,0.0
1748352212.3633788,0.0,0.0,0.0
1748352212.3733535,0.0,0.0,0.0
1748352212.383325,0.0,0.0,0.0
1748352212.3927727,0.0,0.0,0.0
1748352212.4037666,0.0,0.0,0.0
1748352212.4137676,0.0,0.0,0.0
1748352212.4237225,0.0,0.0,0.0
1748352212.433696,0.0,0.0,0.0
1748352212.443171,0.0,0.0,0.0
1748352212.453171,0.0,0.0,0.0
1748352212.4637156,0.0,0.0,0.0
1748352212.4737256,0.0,0.0,0.0
1748352212.4836464,0.0,0.0,0.0
1748352212.4928982,0.0,0.0,0.0
1748352212.5028749,0.0,0.0,0.0
1748352212.512855,0.0,0.0,0.0
1748352212.5233893,0.0,0.0,0.0
1748352212.5330215,0.0,0.0,0.0
1748352212.5435724,0.0,0.0,0.0
1748352212.553562,0.0,0.0,0.0
1748352212.5634723,0.0,0.0,0.0
1748352212.573405,0.0,0.0,0.0
1748352212.5833817,0.0,0.0,0.0
1748352212.5933788,0.0,0.0,0.0
1748352212.6033244,0.0,0.0,0.0
1748352212.613299,0.0,0.0,0.0
1748352212.6232774,0.0,0.0,0.0
1748352212.633284,0.0,0.0,0.0
1748352212.6431067,0.0,0.0,0.0
1748352212.6530979,0.0,0.0,0.0
1748352212.663698,0.0,0.0,0.0
1748352212.6729274,0.0,0.0,0.0
1748352212.6834574,0.0,0.0,0.0
1748352212.6934083,0.0,0.0,0.0
1748352212.7038124,0.0,0.0,0.0
1748352212.7129507,0.0,0.0,0.0
1748352212.723514,0.0,0.0,0.0
1748352212.733427,0.0,0.0,0.0
1748352212.7434397,0.0,0.0,0.0
1748352212.7533717,0.0,0.0,0.0
1748352212.763385,0.0,0.0,0.0
1748352212.7737148,0.0,0.0,0.0
1748352212.783659,0.0,0.0,0.0
1748352212.7931669,0.0,0.0,0.0
1748352212.8031592,0.0,0.0,0.0
1748352212.812765,0.0,0.0,0.0
1748352212.8240378,0.0,0.0,0.0
1748352212.8337452,0.0,0.0,0.0
1748352212.8430836,0.0,0.0,0.0
1748352212.8530684,0.0,0.0,0.0
1748352212.8627744,0.0,0.0,0.0
1748352212.8728871,0.0,0.0,0.0
1748352212.8828628,0.0,0.0,0.0
1748352212.8936412,0.0,0.0,0.0
1748352212.9035776,0.0,0.0,0.0
1748352212.9135592,0.0,0.0,0.0
1748352212.923924,0.0,0.0,0.0
1748352212.9337037,0.0,0.0,0.0
1748352212.9436765,0.0,0.0,0.0
1748352212.953673,0.0,0.0,0.0
1748352212.9629366,0.0,0.0,0.0
1748352212.972768,0.0,0.0,0.0
1748352212.982774,0.0,0.0,0.0
1748352212.9927683,0.0,0.0,0.0
1748352213.0037427,0.0,0.0,0.0
1748352213.0137155,0.0,0.0,0.0
1748352213.02369,0.0,0.0,0.0
1748352213.0336623,0.0,0.0,0.0
1748352213.0436778,0.0,0.0,0.0
1748352213.0532937,0.0,0.0,0.0
1748352213.0636919,0.0,0.0,0.0
1748352213.0736654,0.0,0.0,0.0
1748352213.0836725,0.0,0.0,0.0
1748352213.0931864,0.0,0.0,0.0
1748352213.1031744,0.0,0.0,0.0
1748352213.1128333,0.0,0.0,0.0
1748352213.1229906,0.0,0.0,0.0
1748352213.1337223,0.0,0.0,0.0
1748352213.1430645,0.0,0.0,0.0
1748352213.1528332,0.0,0.0,0.0
1748352213.1635602,0.0,0.0,0.0
1748352213.1730316,0.0,0.0,0.0
1748352213.183577,0.0,0.0,0.0
1748352213.1938314,0.0,0.0,0.0
1748352213.2045312,0.0,0.0,0.0
1748352213.2134976,0.0,0.0,0.0
1748352213.2234757,0.0,0.0,0.0
1748352213.2334435,0.0,0.0,0.0
1748352213.2436883,0.0,0.0,0.0
1748352213.2536924,0.0,0.0,0.0
1748352213.263638,0.0,0.0,0.0
1748352213.3354461,0.0,0.0,0.0
1748352213.34315,0.0,0.0,0.0
1748352213.3531253,0.0,0.0,0.0
1748352213.3630996,0.0,0.0,0.0
1748352213.3731136,0.0,0.0,0.0
1748352213.3830462,0.0,0.0,0.0
1748352213.3930187,0.0,0.0,0.0
1748352213.402992,0.0,0.0,0.0
1748352213.413005,0.0,0.0,0.0
1748352213.4229403,0.0,0.0,0.0
1748352213.432913,0.0,0.0,0.0
1748352213.4428854,0.0,0.0,0.0
1748352213.454278,0.0,0.0,0.0
1748352213.46326,0.0,0.0,0.0
1748352213.4730556,0.0,0.0,0.0
1748352213.483072,0.0,0.0,0.0
1748352213.4931803,0.0,0.0,0.0
1748352213.5031562,0.0,0.0,0.0
1748352213.5135458,0.0,0.0,0.0
1748352213.523549,0.0,0.0,0.0
1748352213.5335028,0.0,0.0,0.0
1748352213.5438814,0.0,0.0,0.0
1748352213.552862,0.0,0.0,0.0
1748352213.563836,0.0,0.0,0.0
1748352213.5729125,0.0,0.0,0.0
1748352213.5833862,0.0,0.0,0.0
1748352213.5929654,0.0,0.0,0.0
1748352213.6036503,0.0,0.0,0.0
1748352213.6128159,0.0,0.0,0.0
1748352213.6237473,0.0,0.0,0.0
1748352213.6337183,0.0,0.0,0.0
1748352213.6432257,0.0,0.0,0.0
1748352213.6536472,0.0,0.0,0.0
1748352213.6636257,0.0,0.0,0.0
1748352213.6732233,0.0,0.0,0.0
1748352213.6831994,0.0,0.0,0.0
1748352213.6931689,0.0,0.0,0.0
1748352213.703117,0.0,0.0,0.0
1748352213.7131336,0.0,0.0,0.0
1748352213.7230532,0.0,0.0,0.0
1748352213.7330396,0.0,0.0,0.0
1748352213.7430754,0.0,0.0,0.0
1748352213.7528822,0.0,0.0,0.0
1748352213.7628708,0.0,0.0,0.0
1748352213.7730703,0.0,0.0,0.0
1748352213.782954,0.0,0.0,0.0
1748352213.7932746,0.0,0.0,0.0
1748352213.804248,0.0,0.0,0.0
1748352213.8145347,0.0,0.0,0.0
1748352213.823486,0.0,0.0,0.0
1748352213.8334596,0.0,0.0,0.0
1748352213.843432,0.0,0.0,0.0
1748352213.8534045,0.0,0.0,0.0
1748352213.8633797,0.0,0.0,0.0
1748352213.8733506,0.0,0.0,0.0
1748352213.883365,0.0,0.0,0.0
1748352213.893233,0.0,0.0,0.0
1748352213.903454,0.0,0.0,0.0
1748352213.9131193,0.0,0.0,0.0
1748352213.9231694,0.0,0.0,0.0
1748352213.932804,0.0,0.0,0.0
1748352213.9427795,0.0,0.0,0.0
1748352213.9537606,0.0,0.0,0.0
1748352213.9636917,0.0,0.0,0.0
1748352213.9736648,0.0,0.0,0.0
1748352213.9836388,0.0,0.0,0.0
1748352213.99366,0.0,0.0,0.0
1748352214.0036275,0.0,0.0,0.0
1748352214.0135896,0.0,0.0,0.0
1748352214.0235708,0.0,0.0,0.0
1748352214.0335045,0.0,0.0,0.0
1748352214.0435245,0.0,0.0,0.0
1748352214.0534976,0.0,0.0,0.0
1748352214.0644755,0.0,0.0,0.0
1748352214.0734446,0.0,0.0,0.0
1748352214.0834596,0.0,0.0,0.0
1748352214.0933926,0.0,0.0,0.0
1748352214.1033645,0.0,0.0,0.0
1748352214.1133423,0.0,0.0,0.0
1748352214.1228862,0.0,0.0,0.0
1748352214.1328628,0.0,0.0,0.0
1748352214.1428375,0.0,0.0,0.0
1748352214.1528063,0.0,0.0,0.0
1748352214.1627817,0.0,0.0,0.0
1748352214.1737509,0.0,0.0,0.0
1748352214.1837263,0.0,0.0,0.0
1748352214.1936972,0.0,0.0,0.0
1748352214.2036703,0.0,0.0,0.0
1748352214.2136812,0.0,0.0,0.0
1748352214.2236466,0.0,0.0,0.0
1748352214.232789,0.0,0.0,0.0
1748352214.242824,0.0,0.0,0.0
1748352214.2534494,0.0,0.0,0.0
1748352214.264439,0.0,0.0,0.0
1748352214.4307246,0.0,0.0,0.0
1748352214.433718,0.0,0.0,0.0
1748352214.4436884,0.0,0.0,0.0
1748352214.4536629,0.0,0.0,0.0
1748352214.4636369,0.0,0.0,0.0
1748352214.4731379,0.0,0.0,0.0
1748352214.483112,0.0,0.0,0.0
1748352214.4930868,0.0,0.0,0.0
1748352214.5030594,0.0,0.0,0.0
1748352214.5130517,0.0,0.0,0.0
1748352214.523006,0.0,0.0,0.0
1748352214.5336797,0.0,0.0,0.0
1748352214.5427682,0.0,0.0,0.0
1748352214.5527704,0.0,0.0,0.0
1748352214.5637538,0.0,0.0,0.0
1748352214.5727699,0.0,0.0,0.0
1748352214.5830936,0.0,0.0,0.0
1748352214.5931013,0.0,0.0,0.0
1748352214.6031392,0.0,0.0,0.0
1748352214.6131098,0.0,0.0,0.0
1748352214.623226,0.0,0.0,0.0
1748352214.6333942,0.0,0.0,0.0
1748352214.6433403,0.0,0.0,0.0
1748352214.6533165,0.0,0.0,0.0
1748352214.663289,0.0,0.0,0.0
1748352214.6732626,0.0,0.0,0.0
1748352214.683004,0.0,0.0,0.0
1748352214.6933901,0.0,0.0,0.0
1748352214.7029178,0.0,0.0,0.0
1748352214.7130065,0.0,0.0,0.0
1748352214.722834,0.0,0.0,0.0
1748352214.7330723,0.0,0.0,0.0
1748352214.7430387,0.0,0.0,0.0
1748352214.7530289,0.0,0.0,0.0
1748352214.763927,0.0,0.0,0.0
1748352214.7731268,0.0,0.0,0.0
1748352214.7831497,0.0,0.0,0.0
1748352214.792766,0.0,0.0,0.0
1748352214.8028598,0.0,0.0,0.0
1748352214.8132095,0.0,0.0,0.0
1748352214.8231435,0.0,0.0,0.0
1748352214.833296,0.0,0.0,0.0
1748352214.8433092,0.0,0.0,0.0
1748352214.8532412,0.0,0.0,0.0
1748352214.8632956,0.0,0.0,0.0
1748352214.873276,0.0,0.0,0.0
1748352214.8836167,0.0,0.0,0.0
1748352214.8936024,0.0,0.0,0.0
1748352214.9029388,0.0,0.0,0.0
1748352214.912878,0.0,0.0,0.0
1748352214.922827,0.0,0.0,0.0
1748352214.9333227,0.0,0.0,0.0
1748352214.943271,0.0,0.0,0.0
1748352214.953372,0.0,0.0,0.0
1748352214.963332,0.0,0.0,0.0
1748352214.9733646,0.0,0.0,0.0
1748352214.9833148,0.0,0.0,0.0
1748352214.9932532,0.0,0.0,0.0
1748352215.0032797,0.0,0.0,0.0
1748352215.0134764,0.0,0.0,0.0
1748352215.0229676,0.0,0.0,0.0
1748352215.0334654,0.0,0.0,0.0
1748352215.0432804,0.0,0.0,0.0
1748352215.053519,0.0,0.0,0.0
1748352215.0630808,0.0,0.0,0.0
1748352215.0733888,0.0,0.0,0.0
1748352215.083824,0.0,0.0,0.0
1748352215.0934026,0.0,0.0,0.0
1748352215.1034079,0.0,0.0,0.0
1748352215.113749,0.0,0.0,0.0
1748352215.1237555,0.0,0.0,0.0
1748352215.1336963,0.0,0.0,0.0
1748352215.1433654,0.0,0.0,0.0
1748352215.153327,0.0,0.0,0.0
1748352215.1633012,0.0,0.0,0.0
1748352215.1727808,0.0,0.0,0.0
1748352215.1839383,0.0,0.0,0.0
1748352215.1934402,0.0,0.0,0.0
1748352215.2028,0.0,0.0,0.0
1748352215.213104,0.0,0.0,0.0
1748352215.2234309,0.0,0.0,0.0
1748352215.2330534,0.0,0.0,0.0
1748352215.242767,0.0,0.0,0.0
1748352215.2527754,0.0,0.0,0.0
1748352215.3589833,0.0,0.0,0.0
1748352215.362946,0.0,0.0,0.0
1748352215.3727648,0.0,0.0,0.0
1748352215.3837266,0.0,0.0,0.0
1748352215.393722,0.0,0.0,0.0
1748352215.4031644,0.0,0.0,0.0
1748352215.4145334,0.0,0.0,0.0
1748352215.4236026,0.0,0.0,0.0
1748352215.4335387,0.0,0.0,0.0
1748352215.4427676,0.0,0.0,0.0
1748352215.4535108,0.0,0.0,0.0
1748352215.4637642,0.0,0.0,0.0
1748352215.4739735,0.0,0.0,0.0
1748352215.483472,0.0,0.0,0.0
1748352215.4932,0.0,0.0,0.0
1748352215.50371,0.0,0.0,0.0
1748352215.5136833,0.0,0.0,0.0
1748352215.523658,0.0,0.0,0.0
1748352215.533683,0.0,0.0,0.0
1748352215.5431836,0.0,0.0,0.0
1748352215.5532823,0.0,0.0,0.0
1748352215.5632093,0.0,0.0,0.0
1748352215.5732272,0.0,0.0,0.0
1748352215.5831604,0.0,0.0,0.0
1748352215.5927873,0.0,0.0,0.0
1748352215.6029773,0.0,0.0,0.0
1748352215.6136744,0.0,0.0,0.0
1748352215.6238968,0.0,0.0,0.0
1748352215.6327846,0.0,0.0,0.0
1748352215.6433225,0.0,0.0,0.0
1748352215.6538856,0.0,0.0,0.0
1748352215.6634514,0.0,0.0,0.0
1748352215.6738324,0.0,0.0,0.0
1748352215.683218,0.0,0.0,0.0
1748352215.6927724,0.0,0.0,0.0
1748352215.7040734,0.0,0.0,0.0
1748352215.7138586,0.0,0.0,0.0
1748352215.723357,0.0,0.0,0.0
1748352215.7333302,0.0,0.0,0.0
1748352215.7429907,0.0,0.0,0.0
1748352215.752931,0.0,0.0,0.0
1748352215.7647598,0.0,0.0,0.0
1748352215.7741785,0.0,0.0,0.0
1748352215.7833033,0.0,0.0,0.0
1748352215.7927644,0.0,0.0,0.0
1748352215.8044286,0.0,0.0,0.0
1748352215.813798,0.0,0.0,0.0
1748352215.8237665,0.0,0.0,0.0
1748352215.8338785,0.0,0.0,0.0
1748352215.8427713,0.0,0.0,0.0
1748352215.8544846,0.0,0.0,0.0
1748352215.864852,0.0,0.0,0.0
1748352215.8747168,0.0,0.0,0.0
1748352215.8837023,0.0,0.0,0.0
1748352215.893663,0.0,0.0,0.0
1748352215.9036365,0.0,0.0,0.0
1748352215.913,0.0,0.0,0.0
1748352215.9242003,0.0,0.0,0.0
1748352215.932767,0.0,0.0,0.0
1748352215.9428058,0.0,0.0,0.0
1748352215.9544635,0.0,0.0,0.0
1748352215.963615,0.0,0.0,0.0
1748352215.9738636,0.0,0.0,0.0
1748352215.9840913,0.0,0.0,0.0
1748352215.9929879,0.0,0.0,0.0
1748352216.0038276,0.0,0.0,0.0
1748352216.013762,0.0,0.0,0.0
1748352216.0228589,0.0,0.0,0.0
1748352216.0333734,0.0,0.0,0.0
1748352216.0433035,0.0,0.0,0.0
1748352216.0532694,0.0,0.0,0.0
1748352216.0637014,0.0,0.0,0.0
1748352216.0734518,0.0,0.0,0.0
1748352216.0838408,0.0,0.0,0.0
1748352216.0930605,0.0,0.0,0.0
1748352216.1031969,0.0,0.0,0.0
1748352216.1139154,0.0,0.0,0.0
1748352216.123157,0.0,0.0,0.0
1748352216.133518,0.0,0.0,0.0
1748352216.1432984,0.0,0.0,0.0
1748352216.1532052,0.0,0.0,0.0
1748352216.1630905,0.0,0.0,0.0
1748352216.1732013,0.0,0.0,0.0
1748352216.1831825,0.0,0.0,0.0
1748352216.1931646,0.0,0.0,0.0
1748352216.2031364,0.0,0.0,0.0
1748352216.2128713,0.0,0.0,0.0
1748352216.2231698,0.0,0.0,0.0
1748352216.232846,0.0,0.0,0.0
1748352216.2432516,0.0,0.0,0.0
1748352216.253236,0.0,0.0,0.0
1748352216.2637296,0.0,0.0,0.0
1748352216.4542232,0.0,0.0,0.0
1748352216.5046227,0.0,0.0,0.0
1748352216.5136042,0.0,0.0,0.0
1748352216.522786,0.0,0.0,0.0
1748352216.5329938,0.0,0.0,0.0
1748352216.543512,0.0,0.0,0.0
1748352216.553484,0.0,0.0,0.0
1748352216.5635152,0.0,0.0,0.0
1748352216.5734699,0.0,0.0,0.0
1748352216.583728,0.0,0.0,0.0
1748352216.5927713,0.0,0.0,0.0
1748352216.6033266,0.0,0.0,0.0
1748352216.613627,0.0,0.0,0.0
1748352216.6230834,0.0,0.0,0.0
1748352216.633287,0.0,0.0,0.0
1748352216.6428106,0.0,0.0,0.0
1748352216.6532984,0.0,0.0,0.0
1748352216.66328,0.0,0.0,0.0
1748352216.6732037,0.0,0.0,0.0
1748352216.6832108,0.0,0.0,0.0
1748352216.692806,0.0,0.0,0.0
1748352216.7035143,0.0,0.0,0.0
1748352216.7129362,0.0,0.0,0.0
1748352216.7230601,0.0,0.0,0.0
1748352216.732935,0.0,0.0,0.0
1748352216.7429516,0.0,0.0,0.0
1748352216.7533193,0.0,0.0,0.0
1748352216.7631652,0.0,0.0,0.0
1748352216.773372,0.0,0.0,0.0
1748352216.7833488,0.0,0.0,0.0
1748352216.7930238,0.0,0.0,0.0
1748352216.8030016,0.0,0.0,0.0
1748352216.8130078,0.0,0.0,0.0
1748352216.82295,0.0,0.0,0.0
1748352216.8329635,0.0,0.0,0.0
1748352216.8429322,0.0,0.0,0.0
1748352216.852936,0.0,0.0,0.0
1748352216.8653424,0.0,0.0,0.0
1748352216.8731415,0.0,0.0,0.0
1748352216.8833108,0.0,0.0,0.0
1748352216.8931007,0.0,0.0,0.0
1748352216.9032938,0.0,0.0,0.0
1748352216.9140432,0.0,0.0,0.0
1748352216.9232762,0.0,0.0,0.0
1748352216.9331725,0.0,0.0,0.0
1748352216.9429605,0.0,0.0,0.0
1748352216.9532697,0.0,0.0,0.0
1748352216.9631479,0.0,0.0,0.0
1748352216.9732072,0.0,0.0,0.0
1748352216.983179,0.0,0.0,0.0
1748352216.9931893,0.0,0.0,0.0
1748352217.0034702,0.0,0.0,0.0
1748352217.0130239,0.0,0.0,0.0
1748352217.023529,0.0,0.0,0.0
1748352217.0333354,0.0,0.0,0.0
1748352217.042812,0.0,0.0,0.0
1748352217.0533206,0.0,0.0,0.0
1748352217.0638409,0.0,0.0,0.0
1748352217.0731323,0.0,0.0,0.0
1748352217.0837595,0.0,0.0,0.0
1748352217.0927715,0.0,0.0,0.0
1748352217.1030962,0.0,0.0,0.0
1748352217.1129906,0.0,0.0,0.0
1748352217.1228752,0.0,0.0,0.0
1748352217.1337016,0.0,0.0,0.0
1748352217.1433218,0.0,0.0,0.0
1748352217.1537268,0.0,0.0,0.0
1748352217.1631021,0.0,0.0,0.0
1748352217.1739109,0.0,0.0,0.0
1748352217.182804,0.0,0.0,0.0
1748352217.192779,0.0,0.0,0.0
1748352217.202848,0.0,0.0,0.0
1748352217.2128336,0.0,0.0,0.0
1748352217.222798,0.0,0.0,0.0
1748352217.233058,0.0,0.0,0.0
1748352217.2432456,0.0,0.0,0.0
1748352217.2529857,0.0,0.0,0.0
1748352217.348707,0.0,0.0,0.0
1748352217.3530612,0.0,0.0,0.0
1748352217.3632054,0.0,0.0,0.0
1748352217.372782,0.0,0.0,0.0
1748352217.3830857,0.0,0.0,0.0
1748352217.3939204,0.0,0.0,0.0
1748352217.4034758,0.0,0.0,0.0
1748352217.4133632,0.0,0.0,0.0
1748352217.4233396,0.0,0.0,0.0
1748352217.4332669,0.0,0.0,0.0
1748352217.4432447,0.0,0.0,0.0
1748352217.4532588,0.0,0.0,0.0
1748352217.4631934,0.0,0.0,0.0
1748352217.4733126,0.0,0.0,0.0
1748352217.4832442,0.0,0.0,0.0
1748352217.4937658,0.0,0.0,0.0
1748352217.5031612,0.0,0.0,0.0
1748352217.5129006,0.0,0.0,0.0
1748352217.5233536,0.0,0.0,0.0
1748352217.533029,0.0,0.0,0.0
1748352217.5433426,0.0,0.0,0.0
1748352217.5532267,0.0,0.0,0.0
1748352217.563204,0.0,0.0,0.0
1748352217.5734591,0.0,0.0,0.0
1748352217.5834343,0.0,0.0,0.0
1748352217.593445,0.0,0.0,0.0
1748352217.6034298,0.0,0.0,0.0
1748352217.613393,0.0,0.0,0.0
1748352217.6233256,0.0,0.0,0.0
1748352217.6334255,0.0,0.0,0.0
1748352217.6428392,0.0,0.0,0.0
1748352217.6536672,0.0,0.0,0.0
1748352217.6633928,0.0,0.0,0.0
1748352217.6734266,0.0,0.0,0.0
1748352217.6834402,0.0,0.0,0.0
1748352217.692992,0.0,0.0,0.0
1748352217.7030537,0.0,0.0,0.0
1748352217.7132926,0.0,0.0,0.0
1748352217.723499,0.0,0.0,0.0
1748352217.733522,0.0,0.0,0.0
1748352217.7427955,0.0,0.0,0.0
1748352217.7534516,0.0,0.0,0.0
1748352217.7629335,0.0,0.0,0.0
1748352217.7732534,0.0,0.0,0.0
1748352217.7832441,0.0,0.0,0.0
1748352217.7941217,0.0,0.0,0.0
1748352217.8030114,0.0,0.0,0.0
1748352217.8129537,0.0,0.0,0.0
1748352217.8232613,0.0,0.0,0.0
1748352217.8332584,0.0,0.0,0.0
1748352217.8439145,0.0,0.0,0.0
1748352217.8532264,0.0,0.0,0.0
1748352217.8633075,0.0,0.0,0.0
1748352217.8736534,0.0,0.0,0.0
1748352217.8836188,0.0,0.0,0.0
1748352217.8928514,0.0,0.0,0.0
1748352217.903733,0.0,0.0,0.0
1748352217.912993,0.0,0.0,0.0
1748352217.9241555,0.0,0.0,0.0
1748352217.933505,0.0,0.0,0.0
1748352217.9434698,0.0,0.0,0.0
1748352217.953362,0.0,0.0,0.0
1748352217.9629865,0.0,0.0,0.0
1748352217.9733155,0.0,0.0,0.0
1748352217.9841745,0.0,0.0,0.0
1748352217.992854,0.0,0.0,0.0
1748352218.0029738,0.0,0.0,0.0
1748352218.0130355,0.0,0.0,0.0
1748352218.022767,0.0,0.0,0.0
1748352218.0331347,0.0,0.0,0.0
1748352218.0431085,0.0,0.0,0.0
1748352218.0530822,0.0,0.0,0.0
1748352218.0631683,0.0,0.0,0.0
1748352218.0733888,0.0,0.0,0.0
1748352218.0830917,0.0,0.0,0.0
1748352218.0927737,0.0,0.0,0.0
1748352218.1027796,0.0,0.0,0.0
1748352218.1142423,0.0,0.0,0.0
1748352218.1232784,0.0,0.0,0.0
1748352218.1335065,0.0,0.0,0.0
1748352218.143517,0.0,0.0,0.0
1748352218.152889,0.0,0.0,0.0
1748352218.162767,0.0,0.0,0.0
1748352218.1727693,0.0,0.0,0.0
1748352218.1827662,0.0,0.0,0.0
1748352218.1928387,0.0,0.0,0.0
1748352218.2027726,0.0,0.0,0.0
1748352218.2132607,0.0,0.0,0.0
1748352218.2227638,0.0,0.0,0.0
1748352218.2330127,0.0,0.0,0.0
1748352218.242773,0.0,0.0,0.0
1748352218.2527661,0.0,0.0,0.0
1748352218.2627656,0.0,0.0,0.0
1748352218.3196096,0.0,0.0,0.0
1748352218.3238566,0.0,0.0,0.0
1748352218.3329365,0.0,0.0,0.0
1748352218.3429286,0.0,0.0,0.0
1748352218.3534524,0.0,0.0,0.0
1748352218.3630576,0.0,0.0,0.0
1748352218.373237,0.0,0.0,0.0
1748352218.3827717,0.0,0.0,0.0
1748352218.3937547,0.0,0.0,0.0
1748352218.4030788,0.0,0.0,0.0
1748352218.4137769,0.0,0.0,0.0
1748352218.423629,0.0,0.0,0.0
1748352218.4337757,0.0,0.0,0.0
1748352218.4429538,0.0,0.0,0.0
1748352218.4536977,0.0,0.0,0.0
1748352218.462766,0.0,0.0,0.0
1748352218.4741743,0.0,0.0,0.0
1748352218.4834201,0.0,0.0,0.0
1748352218.4929445,0.0,0.0,0.0
1748352218.5036461,0.0,0.0,0.0
1748352218.513579,0.0,0.0,0.0
1748352218.5235555,0.0,0.0,0.0
1748352218.533562,0.0,0.0,0.0
1748352218.5429952,0.0,0.0,0.0
1748352218.5531878,0.0,0.0,0.0
1748352218.5631502,0.0,0.0,0.0
1748352218.5731554,0.0,0.0,0.0
1748352218.5828364,0.0,0.0,0.0
1748352218.5929852,0.0,0.0,0.0
1748352218.6031606,0.0,0.0,0.0
1748352218.6130314,0.0,0.0,0.0
1748352218.6230361,0.0,0.0,0.0
1748352218.6330526,0.0,0.0,0.0
1748352218.6430285,0.0,0.0,0.0
1748352218.6529531,0.0,0.0,0.0
1748352218.662966,0.0,0.0,0.0
1748352218.6736426,0.0,0.0,0.0
1748352218.6836464,0.0,0.0,0.0
1748352218.6952305,0.0,0.0,0.0
1748352218.70325,0.0,0.0,0.0
1748352218.7131934,0.0,0.0,0.0
1748352218.7231672,0.0,0.0,0.0
1748352218.733053,0.0,0.0,0.0
1748352218.7433422,0.0,0.0,0.0
1748352218.753196,0.0,0.0,0.0
1748352218.763018,0.0,0.0,0.0
1748352218.773636,0.0,0.0,0.0
1748352218.7830858,0.0,0.0,0.0
1748352218.793193,0.0,0.0,0.0
1748352218.8030322,0.0,0.0,0.0
1748352218.813176,0.0,0.0,0.0
1748352218.8254454,0.0,0.0,0.0
1748352218.8473878,0.0,0.0,0.0
