Time,Pressure,Position,Velocity
0.0010104179382324219,3.2102000000000004,3.2609506540487603,0.0
0.002008676528930664,3.1982999999999997,3.2609506540487603,0.0
0.0030078887939453125,3.2102000000000004,3.2609506540487603,0.0
0.0040090084075927734,3.1982999999999997,3.2609506540487603,0.0
0.0040090084075927734,3.2102000000000004,3.2609506540487603,0.0
0.005009651184082031,3.1982999999999997,3.2609506540487603,0.0
1.653393030166626,3.1982999999999997,3.2609506540487603,0.0
1.682420253753662,3.1982999999999997,3.2609506540487603,0.0
1.7110369205474854,3.2102000000000004,3.2609506540487603,0.0
1.7353370189666748,3.1982999999999997,3.2609506540487603,0.0
1.7643318176269531,3.1864,3.2609506540487603,0.0
1.7927353382110596,3.1982999999999997,3.2609506540487603,0.0
1.8218152523040771,3.1982999999999997,3.2609506540487603,0.0
1.8504481315612793,3.1982999999999997,3.2609506540487603,0.0
1.8785607814788818,3.2102000000000004,3.2609506540487603,0.0
1.9079680442810059,3.1982999999999997,3.2609506540487603,0.0
1.9360415935516357,3.1982999999999997,3.2609506540487603,0.0
1.9607927799224854,3.2102000000000004,3.2609506540487603,0.0
1.989391565322876,3.2102000000000004,3.2609506540487603,0.0
2.0180625915527344,3.2102000000000004,3.2609506540487603,0.0
2.0464885234832764,3.1982999999999997,3.2609506540487603,0.0
2.0755207538604736,3.1982999999999997,3.2609506540487603,0.0
2.1043076515197754,3.1982999999999997,3.2609506540487603,0.0
2.1323065757751465,3.2102000000000004,3.2609506540487603,0.0
2.157498359680176,3.2102000000000004,3.2609506540487603,0.0
2.1860907077789307,3.2102000000000004,3.2609506540487603,0.0
2.2152926921844482,3.2102000000000004,3.2609506540487603,0.0
2.243126630783081,3.2102000000000004,3.2609506540487603,0.0
2.2721352577209473,3.2102000000000004,3.2609506540487603,0.0
2.300799608230591,3.1982999999999997,3.2609506540487603,0.0
2.3297951221466064,3.1864,3.2609506540487603,0.0
2.357790946960449,3.1982999999999997,3.2609506540487603,0.0
2.3825018405914307,3.2102000000000004,3.2609506540487603,0.0
2.4119722843170166,3.2102000000000004,3.2609506540487603,0.0
2.440523147583008,3.1982999999999997,3.2609506540487603,0.0
2.469019651412964,3.2102000000000004,3.2609506540487603,0.0
2.497704029083252,3.1982999999999997,3.2609506540487603,0.0
2.5263054370880127,3.2102000000000004,3.2609506540487603,0.0
2.554311990737915,3.1982999999999997,3.2609506540487603,0.0
2.579860210418701,3.2102000000000004,3.2609506540487603,0.0
2.607849359512329,3.1982999999999997,3.2609506540487603,0.0
2.637277126312256,3.2102000000000004,3.2609506540487603,0.0
2.6656665802001953,3.1982999999999997,3.2609506540487603,0.0
2.6943087577819824,3.2102000000000004,3.2609506540487603,0.0
2.722543716430664,3.2102000000000004,3.2609506540487603,0.0
2.7513630390167236,3.2102000000000004,3.2609506540487603,0.0
2.7802350521087646,3.2102000000000004,3.2609506540487603,0.0
2.804591655731201,3.2102000000000004,3.2609506540487603,0.0
2.833559036254883,3.2102000000000004,3.2609506540487603,0.0
2.861984968185425,3.2102000000000004,3.2609506540487603,0.0
2.8908729553222656,3.2102000000000004,3.2609506540487603,0.0
2.919583320617676,3.2102000000000004,3.2609506540487603,0.0
2.9476094245910645,3.2102000000000004,3.2609506540487603,0.0
2.9769461154937744,3.2102000000000004,3.2609506540487603,0.0
3.000824451446533,3.2102000000000004,3.2609506540487603,0.0
3.029897689819336,3.2102000000000004,3.2609506540487603,0.0
3.058570146560669,3.1982999999999997,3.2609506540487603,0.0
3.0874009132385254,3.1982999999999997,3.2609506540487603,0.0
3.116204023361206,3.1982999999999997,3.2609506540487603,0.0
3.144855499267578,3.1982999999999997,3.2609506540487603,0.0
3.173511505126953,3.2102000000000004,3.2609506540487603,0.0
3.20210862159729,3.1982999999999997,3.2609506540487603,0.0
3.226677656173706,3.2102000000000004,3.2609506540487603,0.0
3.2557029724121094,3.1982999999999997,3.2609506540487603,0.0
3.2837839126586914,3.1982999999999997,3.2609506540487603,0.0
3.312469959259033,3.2102000000000004,3.2609506540487603,0.0
3.341306447982788,3.1982999999999997,3.2609506540487603,0.0
3.3695502281188965,3.2102000000000004,3.2609506540487603,0.0
3.3988404273986816,3.2102000000000004,3.2609506540487603,0.0
3.4236679077148438,3.2102000000000004,3.2609506540487603,0.0
3.4521827697753906,3.2102000000000004,3.2609506540487603,0.0
3.4805774688720703,3.1982999999999997,3.2609506540487603,0.0
3.509350299835205,3.2102000000000004,3.2609506540487603,0.0
3.5378339290618896,3.2102000000000004,3.2609506540487603,0.0
3.5665719509124756,3.2102000000000004,3.2609506540487603,0.0
3.594667434692383,3.1982999999999997,3.2609506540487603,0.0
3.6239140033721924,3.2102000000000004,3.2609506540487603,0.0
3.6484289169311523,3.2102000000000004,3.2609506540487603,0.0
3.6777467727661133,3.2102000000000004,3.2609506540487603,0.0
3.7058539390563965,3.2102000000000004,3.2609506540487603,0.0
3.7340950965881348,3.1982999999999997,3.2609506540487603,0.0
3.763089656829834,3.1982999999999997,3.2609506540487603,0.0
3.7918241024017334,3.2102000000000004,3.2609506540487603,0.0
3.820424795150757,3.2102000000000004,3.2609506540487603,0.0
3.84541916847229,3.1982999999999997,3.2609506540487603,0.0
3.873417615890503,3.2102000000000004,3.2609506540487603,0.0
3.902543306350708,3.2102000000000004,3.2609506540487603,0.0
3.9307303428649902,3.2102000000000004,3.2609506540487603,0.0
3.9593310356140137,3.2102000000000004,3.2609506540487603,0.0
3.9885354042053223,3.2102000000000004,3.2609506540487603,0.0
4.0172834396362305,3.2102000000000004,3.2609506540487603,0.0
4.04543662071228,3.1982999999999997,3.2609506540487603,0.0
4.070415735244751,3.2102000000000004,3.2609506540487603,0.0
4.0991973876953125,3.2102000000000004,3.2609506540487603,0.0
4.128116607666016,3.2102000000000004,3.2609506540487603,0.0
4.156287908554077,3.2102000000000004,3.2609506540487603,0.0
4.1852126121521,3.2102000000000004,3.2609506540487603,0.0
4.213801383972168,3.1982999999999997,3.2609506540487603,0.0
4.242300510406494,3.2102000000000004,3.2609506540487603,0.0
4.266944408416748,3.2102000000000004,3.2609506540487603,0.0
4.295275449752808,3.2102000000000004,3.2609506540487603,0.0
4.323901176452637,3.1864,3.2609506540487603,0.0
4.353215456008911,3.1982999999999997,3.2609506540487603,0.0
4.3814918994903564,3.2102000000000004,3.2609506540487603,0.0
4.409980058670044,3.2102000000000004,3.2609506540487603,0.0
4.438411712646484,3.2102000000000004,3.2609506540487603,0.0
4.466978073120117,3.2102000000000004,3.2609506540487603,0.0
4.492082357406616,3.2102000000000004,3.2609506540487603,0.0
4.521100997924805,3.2102000000000004,3.2609506540487603,0.0
4.549167156219482,3.2102000000000004,3.2609506540487603,0.0
4.578609943389893,3.1982999999999997,3.2609506540487603,0.0
4.606660604476929,3.1982999999999997,3.2609506540487603,0.0
4.635666131973267,3.2102000000000004,3.2609506540487603,0.0
4.664224624633789,3.2102000000000004,3.2609506540487603,0.0
4.688928127288818,3.2102000000000004,3.2609506540487603,0.0
4.716947793960571,3.2102000000000004,3.2609506540487603,0.0
4.7465105056762695,3.2102000000000004,3.2609506540487603,0.0
4.774656295776367,3.2102000000000004,3.2609506540487603,0.0
4.80385947227478,3.2102000000000004,3.2609506540487603,0.0
4.832555294036865,3.2102000000000004,3.2609506540487603,0.0
4.860844850540161,3.2102000000000004,3.2609506540487603,0.0
4.88887882232666,3.2102000000000004,3.2609506540487603,0.0
4.914457082748413,3.2102000000000004,3.2609506540487603,0.0
4.943103075027466,3.2102000000000004,3.2609506540487603,0.0
4.971684217453003,3.2102000000000004,3.2609506540487603,0.0
5.000274419784546,3.2102000000000004,3.2609506540487603,0.0
5.02916955947876,3.1982999999999997,3.2609506540487603,0.0
5.057694911956787,3.2102000000000004,3.2609506540487603,0.0
5.086298227310181,3.1982999999999997,3.2609506540487603,0.0
5.114980697631836,3.2102000000000004,3.2609506540487603,0.0
5.138968467712402,3.2102000000000004,3.2609506540487603,0.0
5.168372869491577,3.2102000000000004,3.2609506540487603,0.0
5.197004556655884,3.1982999999999997,3.2609506540487603,0.0
5.225565671920776,3.2102000000000004,3.2609506540487603,0.0
5.2541162967681885,3.1982999999999997,3.2609506540487603,0.0
5.282778978347778,3.2102000000000004,3.2609506540487603,0.0
5.311265230178833,3.2102000000000004,3.2609506540487603,0.0
5.3363494873046875,3.2102000000000004,3.2609506540487603,0.0
5.36469030380249,3.2102000000000004,3.2609506540487603,0.0
5.3936827182769775,3.1982999999999997,3.2609506540487603,0.0
5.422209978103638,3.2102000000000004,3.2609506540487603,0.0
5.45074462890625,3.2102000000000004,3.2609506540487603,0.0
5.479049444198608,3.1982999999999997,3.2609506540487603,0.0
5.5073323249816895,3.1982999999999997,3.2609506540487603,0.0
5.5368382930755615,3.2102000000000004,3.2609506540487603,0.0
5.56169867515564,3.1982999999999997,3.2609506540487603,0.0
5.5900185108184814,3.2102000000000004,3.2609506540487603,0.0
5.618472576141357,3.1982999999999997,3.2609506540487603,0.0
5.6473588943481445,3.2102000000000004,3.2609506540487603,0.0
5.676039218902588,3.1982999999999997,3.2609506540487603,0.0
5.704199552536011,3.1982999999999997,3.2609506540487603,-0.15800160448198255
5.732706069946289,3.2102000000000004,3.2564465785597427,0.17770498777033003
5.758051872253418,3.1864,3.2609506540487603,0.0
5.786727428436279,3.1982999999999997,3.2609506540487603,0.0
5.815221548080444,3.2102000000000004,3.2609506540487603,0.0
5.843481540679932,3.2102000000000004,3.2609506540487603,0.0
5.872550010681152,3.2102000000000004,3.2609506540487603,0.0
5.900866508483887,3.2102000000000004,3.2609506540487603,0.0
5.929626226425171,3.2102000000000004,3.2609506540487603,0.0
5.958200693130493,3.1982999999999997,3.2609506540487603,0.0
5.983662366867065,3.2102000000000004,3.2609506540487603,0.0
6.011783599853516,3.1982999999999997,3.2609506540487603,0.0
6.040358304977417,3.1864,3.2609506540487603,0.0
6.068854808807373,3.1982999999999997,3.2609506540487603,0.0
6.097836971282959,3.1982999999999997,3.2609506540487603,0.0
6.126685619354248,3.2102000000000004,3.2609506540487603,0.0
6.155324935913086,3.1982999999999997,3.2609506540487603,0.0
6.179881811141968,3.2102000000000004,3.2609506540487603,0.0
6.208090782165527,3.2102000000000004,3.2609506540487603,0.0
6.237230539321899,3.1982999999999997,3.2609506540487603,-0.1572179146302731
6.265879154205322,3.2102000000000004,3.2564465785597427,0.16023428392003533
6.293988466262817,3.2102000000000004,3.2609506540487603,0.0
6.322657823562622,3.2102000000000004,3.2609506540487603,0.0
6.351659774780273,3.2102000000000004,3.2609506540487603,0.0
6.379859447479248,3.2102000000000004,3.2609506540487603,0.0
6.404659032821655,3.2102000000000004,3.2609506540487603,0.0
6.433835506439209,3.2102000000000004,3.2609506540487603,0.0
6.461737632751465,3.2102000000000004,3.2609506540487603,0.0
6.490738391876221,3.2102000000000004,3.2609506540487603,0.0
6.519720792770386,3.2102000000000004,3.2609506540487603,0.0
6.547863721847534,3.1982999999999997,3.2609506540487603,0.0
6.577063083648682,3.2102000000000004,3.2609506540487603,0.0
6.601752042770386,3.2102000000000004,3.2609506540487603,0.0
6.630194664001465,3.2102000000000004,3.2609506540487603,0.0
6.658722162246704,3.2102000000000004,3.2609506540487603,0.0
6.687856674194336,3.2102000000000004,3.2609506540487603,0.0
6.71605372428894,3.2102000000000004,3.2609506540487603,0.0
6.744551181793213,3.2102000000000004,3.2609506540487603,0.0
6.77311372756958,3.2102000000000004,3.2609506540487603,0.0
6.802448987960815,3.2102000000000004,3.2609506540487603,0.0
6.826950550079346,3.1982999999999997,3.2609506540487603,0.0
6.8556458950042725,3.2102000000000004,3.2609506540487603,-0.15596923656025896
6.884523868560791,3.2102000000000004,3.2564465785597427,0.15987899425265734
6.912695646286011,3.2102000000000004,3.2609506540487603,0.0
6.9416046142578125,3.1982999999999997,3.2609506540487603,0.0
6.970192909240723,3.2102000000000004,3.2609506540487603,0.0
6.99837064743042,3.2102000000000004,3.2609506540487603,-0.18252443783043878
7.023047208786011,3.2102000000000004,3.2564465785597427,0.15326017198767072
7.052435636520386,3.1982999999999997,3.2609506540487603,0.0
7.080389499664307,3.2102000000000004,3.2609506540487603,0.0
7.109385967254639,3.2102000000000004,3.2609506540487603,0.0
7.138023138046265,3.1982999999999997,3.2609506540487603,0.0
7.16651463508606,3.2102000000000004,3.2609506540487603,0.0
7.195131063461304,3.1982999999999997,3.2609506540487603,0.0
7.224189519882202,3.2102000000000004,3.2609506540487603,0.0
7.248642921447754,3.2102000000000004,3.2609506540487603,0.0
7.277421951293945,3.2102000000000004,3.2609506540487603,-0.15666120874289519
7.3061723709106445,3.2102000000000004,3.2564465785597427,0.15617553995757583
7.335012197494507,3.2102000000000004,3.2609506540487603,0.0
7.3633832931518555,3.2102000000000004,3.2609506540487603,0.0
7.392233848571777,3.2102000000000004,3.2609506540487603,0.0
7.420879125595093,3.2102000000000004,3.2609506540487603,0.0
7.444952726364136,3.2102000000000004,3.2609506540487603,0.0
7.474124908447266,3.1982999999999997,3.2609506540487603,0.0
7.502703905105591,3.2102000000000004,3.2609506540487603,0.0
7.530837774276733,3.2102000000000004,3.2609506540487603,0.0
7.560156345367432,3.2102000000000004,3.2609506540487603,0.0
7.588726997375488,3.2102000000000004,3.2609506540487603,0.0
7.617343902587891,3.2102000000000004,3.2609506540487603,0.0
7.645542621612549,3.2102000000000004,3.2609506540487603,0.0
7.670618057250977,3.2102000000000004,3.2609506540487603,0.0
7.6992762088775635,3.1982999999999997,3.2609506540487603,0.0
7.728374719619751,3.2102000000000004,3.2609506540487603,0.0
7.75672721862793,3.1982999999999997,3.2609506540487603,0.0
7.785471677780151,3.2102000000000004,3.2609506540487603,0.0
7.813993215560913,3.1982999999999997,3.2609506540487603,0.0
7.842270851135254,3.2102000000000004,3.2609506540487603,0.0
7.867345094680786,3.2102000000000004,3.2609506540487603,0.0
7.896414518356323,3.2102000000000004,3.2609506540487603,-0.16251558652393452
7.924129247665405,3.2102000000000004,3.2564465785597427,0.1540965116023349
7.953358173370361,3.1982999999999997,3.2609506540487603,0.0
7.981640338897705,3.2102000000000004,3.2609506540487603,0.0
8.010632991790771,3.2102000000000004,3.2609506540487603,0.0
8.039300203323364,3.1982999999999997,3.2609506540487603,-0.15819874924539631
8.067771196365356,3.2102000000000004,3.2564465785597427,0.18584263956684255
8.092007160186768,3.2102000000000004,3.2609506540487603,0.0
8.120812892913818,3.2102000000000004,3.2609506540487603,0.0
8.150301933288574,3.2102000000000004,3.2609506540487603,0.0
8.178586721420288,3.2102000000000004,3.2609506540487603,0.0
8.207231998443604,3.2102000000000004,3.2609506540487603,0.0
8.235559225082397,3.2102000000000004,3.2609506540487603,0.0
8.264032363891602,3.2102000000000004,3.2609506540487603,0.0
8.289311647415161,3.2102000000000004,3.2609506540487603,0.0
8.317347288131714,3.2102000000000004,3.2609506540487603,0.0
8.3463454246521,3.1982999999999997,3.2609506540487603,0.0
8.37534475326538,3.2102000000000004,3.2609506540487603,0.0
8.403342485427856,3.2102000000000004,3.2609506540487603,0.0
8.432337522506714,3.2102000000000004,3.2609506540487603,0.0
8.460334539413452,3.2102000000000004,3.2609506540487603,0.0
8.48947024345398,3.2102000000000004,3.2609506540487603,0.0
8.514455556869507,3.2102000000000004,3.2609506540487603,-0.15951315387638682
8.542691946029663,3.2102000000000004,3.2564465785597427,0.0
8.57220196723938,3.2102000000000004,3.2564465785597427,0.0
8.600364685058594,3.2102000000000004,3.2564465785597427,0.0
8.628909587860107,3.2102000000000004,3.2564465785597427,0.15627760365216442
8.65773057937622,3.2102000000000004,3.2609506540487603,-0.1561187521373825
8.686580896377563,3.2102000000000004,3.2564465785597427,0.18441849547910194
8.71100401878357,3.2102000000000004,3.2609506540487603,0.0
8.73973822593689,3.1982999999999997,3.2609506540487603,-0.15771536491199217
8.768296480178833,3.2102000000000004,3.2564465785597427,0.0
8.796380281448364,3.2102000000000004,3.2564465785597427,-0.1522780438330964
8.825958251953125,3.2102000000000004,3.2519425030707247,0.0
8.854549169540405,3.2102000000000004,3.2519425030707247,-0.15956839489393826
8.882775783538818,3.2221,3.247438427581707,-0.3139811665747983
8.911465883255005,3.2221,3.2384302766036717,-0.36719526200993846
8.93599820137024,3.234,3.229422125625637,-0.4584824049223512
8.96546983718872,3.234,3.215909899158584,-0.4800839088162455
8.99361538887024,3.2459,3.202397672691531,-0.3135694495097349
9.022343158721924,3.2578000000000005,3.1933895217134958,-0.4740523911542713
9.050846815109253,3.2578000000000005,3.1798772952464427,-0.4672596113451512
9.07976484298706,3.2697000000000003,3.16636506877939,-0.47882651819150507
9.1079843044281,3.2816,3.1528528423123374,-0.3608925494520011
9.13294506072998,3.2935,3.143844691334302,-0.47485471860031836
9.161400556564331,3.3054000000000006,3.130332464867249,-0.3115706272143439
9.190312623977661,3.2935,3.121324313889214,-0.3131536197175234
9.219078540802002,3.3173000000000004,3.1123161629111786,-0.3162333122397135
9.247564315795898,3.3173000000000004,3.1033080119331435,-0.3206807248264601
9.275655031204224,3.3292,3.094299860955108,-0.31152952358780767
9.30457091331482,3.3411,3.085291709977073,-0.15562489673771734
9.333512783050537,3.3411,3.0807876344880554,-0.185798772976092
9.357754468917847,3.3529999999999998,3.0762835589990374,-0.31630479175374415
9.386233806610107,3.3529999999999998,3.0672754080210023,-0.1552922856358773
9.415237665176392,3.3529999999999998,3.0627713325319843,-0.15548400292908193
9.44420576095581,3.3649000000000004,3.058267257042967,-0.1590284094171226
9.472528219223022,3.3529999999999998,3.0537631815539497,-0.15646009988064108
9.501315593719482,3.3649000000000004,3.049259106064932,-0.16086601927763416
9.529314517974854,3.3649000000000004,3.0447550305759146,0.0
9.55434513092041,3.3768000000000002,3.0447550305759146,-0.30922212411941
9.583476781845093,3.3768000000000002,3.035746879597879,0.0
9.612078428268433,3.3768000000000002,3.035746879597879,0.0
9.639994144439697,3.3768000000000002,3.035746879597879,-0.15326514554509366
9.669381618499756,3.3768000000000002,3.0312428041088615,-0.15931003465834148
9.697654008865356,3.3887,3.0267387286198435,0.0
9.726261377334595,3.3887,3.0267387286198435,0.0
9.755018949508667,3.3649000000000004,3.0267387286198435,0.0
9.779980897903442,3.3768000000000002,3.0267387286198435,-0.1593624463480922
9.808243989944458,3.3887,3.022234653130826,0.15398221345457708
9.837494611740112,3.3768000000000002,3.0267387286198435,-0.15758906421435329
9.86607575416565,3.3768000000000002,3.022234653130826,0.15861981914111994
9.894471168518066,3.3768000000000002,3.0267387286198435,0.31511504128186646
9.923058032989502,3.3768000000000002,3.035746879597879,0.1550208580047286
9.952112674713135,3.3649000000000004,3.0402509550868966,0.36131013731953443
9.977044582366943,3.3649000000000004,3.049259106064932,0.1601419196884573
10.005170106887817,3.3529999999999998,3.0537631815539497,0.4701941818878054
10.033907651901245,3.3292,3.0672754080210023,0.48018559910245706
10.062047243118286,3.3411,3.0807876344880554,0.3105207574195116
10.091057062149048,3.3292,3.0897957854660905,0.30936644296877497
10.120175123214722,3.3173000000000004,3.0988039364441256,0.4816260783668862
10.14823055267334,3.3054000000000006,3.1123161629111786,0.4654942096546619
10.177258253097534,3.2935,3.1258283893782313,0.5500391657333443
10.201824188232422,3.2935,3.1393406158452843,0.3154992123966929
10.230376243591309,3.2816,3.14834876682332,0.3131017185267333
10.259146928787231,3.2697000000000003,3.157356917801355,0.15571982360170664
10.288071155548096,3.2697000000000003,3.1618609932903725,0.3185260557400773
10.316351890563965,3.2578000000000005,3.1708691442684076,0.15853063659005176
10.344763278961182,3.2578000000000005,3.1753732197574256,0.31116264096995255
10.373713254928589,3.2578000000000005,3.1843813707354607,0.3642113735410645
10.398446559906006,3.2459,3.1933895217134958,0.0
10.427526235580444,3.2459,3.1933895217134958,0.15661055849758548
10.456285953521729,3.2459,3.1978935972025133,0.15991688892932748
10.484451055526733,3.234,3.202397672691531,0.157841868220929
10.512986421585083,3.234,3.206901748180549,0.3187302701133479
10.54124903678894,3.234,3.215909899158584,0.0
10.570454835891724,3.234,3.215909899158584,0.3221078072257935
10.598421096801758,3.2221,3.2249180501366195,0.0
10.623772859573364,3.2221,3.2249180501366195,0.15651065283576554
10.65255093574524,3.2221,3.229422125625637,0.15579687638559625
10.681460857391357,3.2102000000000004,3.2339262011146546,0.32139268186267855
10.709489345550537,3.2102000000000004,3.2429343520926897,0.15740523788005337
10.738103866577148,3.2102000000000004,3.247438427581707,0.0
10.76704740524292,3.2102000000000004,3.247438427581707,0.15643159723337263
10.79584002494812,3.1982999999999997,3.2519425030707247,0.0
10.820461988449097,3.2102000000000004,3.2519425030707247,0.16036758465454545
10.84854793548584,3.1982999999999997,3.2564465785597427,0.15650676298713617
10.877326726913452,3.1982999999999997,3.2609506540487603,-0.15462371673791503
10.906455993652344,3.1864,3.2564465785597427,0.0
10.934612274169922,3.2102000000000004,3.2564465785597427,-0.1582239238832643
10.963078737258911,3.2102000000000004,3.2519425030707247,-0.3062048583752177
10.992497444152832,3.2221,3.2429343520926897,-0.15740261489660146
11.021112442016602,3.2221,3.2384302766036717,-0.5612436672575052
11.045187950134277,3.2221,3.2249180501366195,-0.4703971175749622
11.073913097381592,3.234,3.2114058236695664,-0.4627122581882106
11.103115320205688,3.2459,3.1978935972025133,-0.4731263452600427
11.131674766540527,3.2578000000000005,3.1843813707354607,-0.6446112871570102
11.159623861312866,3.2697000000000003,3.16636506877939,-0.4660607511300275
11.188616275787354,3.2578000000000005,3.1528528423123374,-0.6263695373841124
11.217379331588745,3.2935,3.1348365403562664,-0.7206287119095862
11.242380142211914,3.3054000000000006,3.1168202384001966,-0.48268026094967126
11.270374298095703,3.3173000000000004,3.1033080119331435,-0.4655095034757866
11.299401044845581,3.3292,3.0897957854660905,-0.4831122871654542
11.327370166778564,3.3411,3.0762835589990374,-0.46290122368696834
11.356560468673706,3.3529999999999998,3.0627713325319843,-0.4750975397741879
11.385001420974731,3.3649000000000004,3.049259106064932,-0.31097056526566547
11.413969278335571,3.3649000000000004,3.0402509550868966,-0.1585053642646998
11.442385196685791,3.3768000000000002,3.035746879597879,-0.5404663798102897
11.467386245727539,3.3649000000000004,3.022234653130826,-0.15949160678009122
11.495626449584961,3.3887,3.0177305776418084,-0.30466905630679547
11.525193452835083,3.3887,3.0087224266637738,-0.3134419843687541
11.553932905197144,3.4006,2.9997142756857382,0.16105115761918692
11.581899642944336,3.4006,3.0042183511747558,-0.15908599444116417
11.610211849212646,3.4006,2.9997142756857382,0.15299083939948854
11.639652013778687,3.4006,3.0042183511747558,-0.18789808973342462
11.663622856140137,3.4006,2.9997142756857382,0.1555108811317768
11.692585945129395,3.4006,3.0042183511747558,0.0
11.720823526382446,3.4006,3.0042183511747558,0.0
11.750165224075317,3.3768000000000002,3.0042183511747558,0.15905786631324234
11.778482437133789,3.3887,3.0087224266637738,0.0
11.807495355606079,3.3887,3.0087224266637738,0.16081398300803906
11.835503339767456,3.3768000000000002,3.013226502152791,0.15534208663526827
11.864497900009155,3.3768000000000002,3.0177305776418084,0.1801399990453819
11.889501094818115,3.3768000000000002,3.022234653130826,0.16085780078581977
11.917501449584961,3.3768000000000002,3.0267387286198435,0.1552195569715229
11.946518898010254,3.3649000000000004,3.0312428041088615,0.1553037753398353
11.975520610809326,3.3649000000000004,3.035746879597879,0.16057204647549314
12.003570795059204,3.3529999999999998,3.0402509550868966,0.1531595268546768
12.032978534698486,3.3529999999999998,3.0447550305759146,0.32599307753838613
12.060611486434937,3.3411,3.0537631815539497,0.35371307906696087
12.086078882217407,3.3411,3.0627713325319843,0.3142606021873303
12.11474347114563,3.3292,3.07177948351002,0.3204712860250246
12.142852544784546,3.3292,3.0807876344880554,0.3059271732652364
12.172297954559326,3.3173000000000004,3.0897957854660905,0.3206453458235865
12.20039176940918,3.3054000000000006,3.0988039364441256,0.3101817080821479
12.229433298110962,3.3054000000000006,3.107812087422161,0.31796848904935243
12.257763624191284,3.2935,3.1168202384001966,0.31175572783945266
12.286658525466919,3.2935,3.1258283893782313,0.3687721917679442
12.311085939407349,3.2816,3.1348365403562664,0.46488709309874876
12.34015154838562,3.2697000000000003,3.14834876682332,0.1581471000785923
12.368631839752197,3.2697000000000003,3.1528528423123374,0.31806485124822365
12.396953582763672,3.2697000000000003,3.1618609932903725,0.15559926069209745
12.425900220870972,3.2578000000000005,3.16636506877939,0.15648990921047254
12.454682111740112,3.2578000000000005,3.1708691442684076,0.3246150857850256
12.48243236541748,3.2459,3.1798772952464427,0.1763250125059745
12.507976531982422,3.2459,3.1843813707354607,0.3166520589991325
12.53642463684082,3.2459,3.1933895217134958,0.15509340054256524
12.565465688705444,3.234,3.1978935972025133,0.3200911882595296
12.593608140945435,3.234,3.206901748180549,0.31218332683161326
12.622463464736938,3.2221,3.215909899158584,0.15961693075822828
12.650681495666504,3.2221,3.220413974647602,0.1591476432124296
12.678982734680176,3.2221,3.2249180501366195,0.15193879359065954
12.708626747131348,3.2102000000000004,3.229422125625637,0.36723452087062863
12.733156442642212,3.2102000000000004,3.2384302766036717,0.15830082236226303
12.761609077453613,3.2102000000000004,3.2429343520926897,0.1565158396013939
12.790386199951172,3.1982999999999997,3.247438427581707,0.3142449197379972
12.81905221939087,3.1982999999999997,3.2564465785597427,0.0
12.847610235214233,3.1864,3.2564465785597427,0.15561848693439853
12.876553297042847,3.1982999999999997,3.2609506540487603,0.0
12.90511155128479,3.1864,3.2609506540487603,0.0
12.933161973953247,3.1982999999999997,3.2609506540487603,0.0
12.958650588989258,3.1982999999999997,3.2609506540487603,-0.16055294131549946
12.986704111099243,3.1982999999999997,3.2564465785597427,0.0
13.015870332717896,3.1982999999999997,3.2564465785597427,0.0
13.044686079025269,3.1982999999999997,3.2564465785597427,-0.15971004040960138
13.072887659072876,3.1982999999999997,3.2519425030707247,0.0
13.101768732070923,3.1982999999999997,3.2519425030707247,-0.15679383363949542
13.130494832992554,3.1982999999999997,3.247438427581707,-0.18537215648838934
13.154792308807373,3.2102000000000004,3.2429343520926897,-0.47133993828781146
13.183459997177124,3.2102000000000004,3.229422125625637,-0.4785960370861406
13.211693048477173,3.2221,3.215909899158584,-0.31112676882860113
13.240646362304688,3.234,3.206901748180549,-0.47106178535529786
13.269330978393555,3.2459,3.1933895217134958,-0.6210108919934992
13.298342227935791,3.2578000000000005,3.1753732197574256,-0.4730315707211074
13.326907396316528,3.2578000000000005,3.1618609932903725,-0.6246350297542888
13.355750322341919,3.2697000000000003,3.143844691334302,-0.5576870180239569
13.379979372024536,3.2816,3.130332464867249,-0.6325566281845371
13.408461093902588,3.2935,3.1123161629111786,-0.6225406140856202
13.437401056289673,3.3173000000000004,3.094299860955108,-0.46913163574680883
13.466203689575195,3.3173000000000004,3.0807876344880554,-0.6269567848098094
13.494939804077148,3.3411,3.0627713325319843,-0.4719876205042046
13.523568153381348,3.3529999999999998,3.049259106064932,-0.4697888353559127
13.552330493927002,3.3529999999999998,3.035746879597879,-0.36816132052090456
13.576798439025879,3.3768000000000002,3.0267387286198435,-0.3151334390906751
13.60538363456726,3.3768000000000002,3.0177305776418084,0.0
13.633637428283691,3.3768000000000002,3.0177305776418084,-0.15764955804700118
13.66220760345459,3.3887,3.013226502152791,0.0
13.691194295883179,3.3887,3.013226502152791,0.0
13.720192193984985,3.3887,3.013226502152791,-0.1608591704761232
13.748192310333252,3.3768000000000002,3.0087224266637738,0.15531398983743347
13.777192115783691,3.3768000000000002,3.013226502152791,0.0
13.802184343338013,3.3887,3.013226502152791,0.15950237960054242
13.830422639846802,3.3768000000000002,3.0177305776418084,0.0
13.859423398971558,3.3768000000000002,3.0177305776418084,0.0
13.888048887252808,3.3649000000000004,3.0177305776418084,0.15649509460128105
13.916829824447632,3.3768000000000002,3.022234653130826,0.0
13.945338249206543,3.3649000000000004,3.022234653130826,0.1544631560692066
13.97449779510498,3.3649000000000004,3.0267387286198435,0.1870719595968719
13.998574495315552,3.3649000000000004,3.0312428041088615,0.15812062640626276
14.027059555053711,3.3649000000000004,3.035746879597879,0.15589072682770205
14.055952072143555,3.3529999999999998,3.0402509550868966,0.15709371540621764
14.084623336791992,3.3529999999999998,3.0447550305759146,0.157996318777344
14.113130807876587,3.3411,3.049259106064932,0.3105156534441435
14.142141103744507,3.3411,3.058267257042967,0.16122846618549128
14.170077085494995,3.3292,3.0627713325319843,0.31665736669889166
14.198524713516235,3.3292,3.07177948351002,0.3578335007745042
14.223698854446411,3.3173000000000004,3.0807876344880554,0.30955654155730195
14.252799034118652,3.3173000000000004,3.0897957854660905,0.32195410233715216
14.280778646469116,3.3054000000000006,3.0988039364441256,0.30707837841172264
14.310113668441772,3.3054000000000006,3.107812087422161,0.3165008643187411
14.33857536315918,3.2935,3.1168202384001966,0.3123484977330001
14.367415428161621,3.2935,3.1258283893782313,0.15739474647066673
14.396031856536865,3.2816,3.130332464867249,0.5404457643055576
14.42103385925293,3.2697000000000003,3.143844691334302,0.32180602577126416
14.449026346206665,3.2697000000000003,3.1528528423123374,0.3178213817159722
14.477369785308838,3.2578000000000005,3.1618609932903725,0.15825838637431408
14.50583004951477,3.2459,3.16636506877939,0.3060138957444711
14.535267114639282,3.2459,3.1753732197574256,0.47003040007683733
14.564014673233032,3.2459,3.1888854462244782,0.1576640308450793
14.59258222579956,3.234,3.1933895217134958,0.32052022124004487
14.620687007904053,3.234,3.202397672691531,0.17615894890844086
14.646255254745483,3.2221,3.206901748180549,0.15808357815191457
14.674746990203857,3.2221,3.2114058236695664,0.31604285804917065
14.70324993133545,3.2221,3.220413974647602,0.15652880801962255
14.732024669647217,3.2102000000000004,3.2249180501366195,0.32433086123676114
14.759799242019653,3.2102000000000004,3.2339262011146546,0.1529573941759755
14.789245843887329,3.1982999999999997,3.2384302766036717,0.16085506147517206
14.817246675491333,3.1982999999999997,3.2429343520926897,0.35836975889003597
14.84238314628601,3.1982999999999997,3.2519425030707247,0.1562633842581588
14.871206760406494,3.1982999999999997,3.2564465785597427,0.0
14.899844884872437,3.1745,3.2564465785597427,0.0
14.927876234054565,3.1982999999999997,3.2564465785597427,0.0
14.956617832183838,3.1982999999999997,3.2564465785597427,0.0
14.986078262329102,3.1982999999999997,3.2564465785597427,0.0
15.013662099838257,3.1864,3.2564465785597427,0.0
15.043074607849121,3.1864,3.2564465785597427,0.0
15.067568063735962,3.1982999999999997,3.2564465785597427,-0.15480744263709606
15.096662759780884,3.1982999999999997,3.2519425030707247,0.0
15.12456464767456,3.1982999999999997,3.2519425030707247,-0.1540500182651204
15.153802394866943,3.1982999999999997,3.247438427581707,-0.15994532172758266
15.181962490081787,3.1864,3.2429343520926897,-0.15914093994465547
15.210264921188354,3.2102000000000004,3.2384302766036717,-0.15216397512634822
15.239865064620972,3.2102000000000004,3.2339262011146546,-0.3669741416866731
15.26441216468811,3.2221,3.2249180501366195,-0.1595347067954351
15.292644739151001,3.2221,3.220413974647602,-0.3099196443317996
15.32171082496643,3.2221,3.2114058236695664,-0.3117583002300327
15.350605487823486,3.234,3.202397672691531,-0.3196524846004779
15.378786563873291,3.2459,3.1933895217134958,-0.477628019346918
15.407076835632324,3.2459,3.1798772952464427,-0.458675354842262
15.436536073684692,3.2578000000000005,3.16636506877939,-0.47988472074229244
15.464693307876587,3.2578000000000005,3.1528528423123374,-0.5482937698414995
15.48933744430542,3.2697000000000003,3.1393406158452843,-0.3111780172771836
15.518285989761353,3.2816,3.130332464867249,-0.4765116156560072
15.546642541885376,3.2935,3.1168202384001966,-0.307615906206215
15.575926303863525,3.3054000000000006,3.107812087422161,-0.3164929107034541
15.60438871383667,3.3173000000000004,3.0988039364441256,-0.47274747478512164
15.632971048355103,3.3173000000000004,3.085291709977073,-0.3218416613835084
15.66096043586731,3.3292,3.0762835589990374,-0.5437226386751597
15.685811758041382,3.3411,3.0627713325319843,-0.1553267598490954
15.71480917930603,3.3529999999999998,3.058267257042967,-0.3122633096669875
15.743657112121582,3.3529999999999998,3.049259106064932,-0.3147213180936457
15.772279739379883,3.3529999999999998,3.0402509550868966,0.0
15.800663948059082,3.3649000000000004,3.0402509550868966,-0.31304983453701946
15.829439401626587,3.3649000000000004,3.0312428041088615,-0.1552004291702481
15.858460426330566,3.3649000000000004,3.0267387286198435,-0.1602410796129425
15.886568546295166,3.3768000000000002,3.022234653130826,0.0
15.911717176437378,3.3768000000000002,3.022234653130826,-0.15901903905629836
15.940041303634644,3.3768000000000002,3.0177305776418084,-0.15638109532704417
15.968843221664429,3.3768000000000002,3.013226502152791,0.0
15.997566223144531,3.3768000000000002,3.013226502152791,0.15583543137987613
16.026468992233276,3.3768000000000002,3.0177305776418084,0.0
16.054874658584595,3.3768000000000002,3.0177305776418084,0.0
16.082579135894775,3.3768000000000002,3.0177305776418084,0.0
16.107433557510376,3.3768000000000002,3.0177305776418084,0.0
16.136672973632812,3.3768000000000002,3.0177305776418084,0.0
16.165010690689087,3.3768000000000002,3.0177305776418084,0.0
16.194422006607056,3.3768000000000002,3.0177305776418084,0.0
16.222418308258057,3.3768000000000002,3.0177305776418084,-0.15530505207856105
16.25141978263855,3.3768000000000002,3.013226502152791,0.16089753127752673
16.2794132232666,3.3768000000000002,3.0177305776418084,0.0
16.308414459228516,3.3768000000000002,3.0177305776418084,0.0
16.333411931991577,3.3649000000000004,3.0177305776418084,0.16086464947068
16.361411094665527,3.3768000000000002,3.022234653130826,0.0
16.390543222427368,3.3649000000000004,3.022234653130826,0.3102148155914673
16.419581651687622,3.3649000000000004,3.0312428041088615,0.0
16.447754621505737,3.3649000000000004,3.0312428041088615,0.3110166418051768
16.476718187332153,3.3529999999999998,3.0402509550868966,0.15693580866685586
16.505418300628662,3.3529999999999998,3.0447550305759146,0.36971763195272217
16.529783248901367,3.3411,3.0537631815539497,0.31209307286102794
16.55864691734314,3.3411,3.0627713325319843,0.15964255881464734
16.586860418319702,3.3292,3.0672754080210023,0.472617378161935
16.615450620651245,3.3054000000000006,3.0807876344880554,0.45997456026738254
16.644826650619507,3.3173000000000004,3.094299860955108,0.3148944350155714
16.673433542251587,3.3054000000000006,3.1033080119331435,0.48054389187256524
16.701552152633667,3.2935,3.1168202384001966,0.31650881833376304
16.730013132095337,3.2816,3.1258283893782313,0.716596782956585
16.755154609680176,3.2697000000000003,3.143844691334302,0.31730091437215185
16.783544540405273,3.2578000000000005,3.1528528423123374,0.3131873647196327
16.812307357788086,3.2578000000000005,3.1618609932903725,0.31066373688354293
16.841303825378418,3.2459,3.1708691442684076,0.16078660901739755
16.869316577911377,3.2459,3.1753732197574256,0.3157338587896119
16.897847414016724,3.234,3.1843813707354607,0.3063389224626551
16.927253246307373,3.234,3.1933895217134958,0.18180250442574722
16.952027797698975,3.234,3.1978935972025133,0.31198741313068395
16.98090124130249,3.2221,3.206901748180549,0.3168485624656298
17.009331703186035,3.2221,3.215909899158584,0.3145064984082637
17.037973880767822,3.2102000000000004,3.2249180501366195,0.4746399691776967
17.066442251205444,3.2102000000000004,3.2384302766036717,0.4756717432365887
17.09484887123108,3.1982999999999997,3.2519425030707247,0.31936068296123976
17.123055696487427,3.1864,3.2609506540487603,0.0
17.151843070983887,3.1864,3.2609506540487603,0.0
17.177141904830933,3.1745,3.2609506540487603,-0.1594068216443051
17.205397129058838,3.1982999999999997,3.2564465785597427,0.0
17.234311819076538,3.1864,3.2564465785597427,0.16065944228433623
17.262346744537354,3.1864,3.2609506540487603,0.0
17.291789770126343,3.1864,3.2609506540487603,0.15772984979577784
17.320345401763916,3.1864,3.2654547295377783,-0.15791971578230757
17.3488667011261,3.1982999999999997,3.2609506540487603,0.0
17.373530387878418,3.1864,3.2609506540487603,0.0
17.40181803703308,3.1864,3.2609506540487603,0.0
17.430874347686768,3.1864,3.2609506540487603,0.15448715574183347
17.460029363632202,3.1864,3.2654547295377783,-0.1575916934156137
17.48861002922058,3.1864,3.2609506540487603,0.0
17.51669669151306,3.1864,3.2609506540487603,0.0
17.545787572860718,3.1864,3.2609506540487603,0.0
17.57363533973694,3.1982999999999997,3.2609506540487603,0.0
17.59870433807373,3.1864,3.2609506540487603,0.0
17.62758231163025,3.1982999999999997,3.2609506540487603,0.0
17.656604528427124,3.1982999999999997,3.2609506540487603,0.0
17.68496060371399,3.1982999999999997,3.2609506540487603,0.0
17.713654279708862,3.1982999999999997,3.2609506540487603,-0.15814577618443815
17.74213480949402,3.1982999999999997,3.2564465785597427,-0.1579910334263597
17.77064323425293,3.1982999999999997,3.2519425030707247,0.0
17.795082807540894,3.2102000000000004,3.2519425030707247,-0.15413171440835008
17.824305057525635,3.2102000000000004,3.247438427581707,-0.3122452454445998
17.85315465927124,3.2221,3.2384302766036717,-0.3180273701203211
17.881479740142822,3.2221,3.229422125625637,-0.46891815061530173
17.910295486450195,3.234,3.215909899158584,-0.46773007551161266
17.939184427261353,3.2459,3.202397672691531,-0.4770892443907396
17.967506647109985,3.2459,3.1888854462244782,-0.6379394980249959
17.995748043060303,3.2578000000000005,3.1708691442684076,-0.5353003147105496
18.0209903717041,3.2697000000000003,3.157356917801355,-0.6430643385575134
18.049006700515747,3.2816,3.1393406158452843,-0.6249863314218495
18.07783341407776,3.2935,3.121324313889214,-0.47530473103932136
18.10626196861267,3.3054000000000006,3.107812087422161,-0.46085728532125453
18.135581731796265,3.3173000000000004,3.094299860955108,-0.4744492438001953
18.164061546325684,3.3292,3.0807876344880554,-0.6273107036323817
18.192781448364258,3.3411,3.0627713325319843,-0.3716633419547175
18.217018842697144,3.3529999999999998,3.0537631815539497,-0.3108094048335142
18.246001720428467,3.3649000000000004,3.0447550305759146,-0.31192817191690003
18.2748806476593,3.3649000000000004,3.035746879597879,-0.15954952780615891
18.303110599517822,3.3768000000000002,3.0312428041088615,-0.3160217106323153
18.331615447998047,3.3768000000000002,3.022234653130826,-0.15371534219064634
18.36091685295105,3.3887,3.0177305776418084,-0.315375438676616
18.389480113983154,3.3887,3.0087224266637738,-0.15802275083764905
18.417982816696167,3.4006,3.0042183511747558,-0.18306212234743496
18.44258689880371,3.4006,2.9997142756857382,-0.1600144149201693
18.47073483467102,3.4006,2.9952102001967202,0.0
18.50031542778015,3.4125000000000005,2.9952102001967202,-0.16057068167041993
18.52836585044861,3.4006,2.9907061247077027,0.0
18.55662775039673,3.4125000000000005,2.9907061247077027,0.0
18.585621118545532,3.4125000000000005,2.9907061247077027,0.0
18.614611864089966,3.4006,2.9907061247077027,0.0
18.63946294784546,3.4006,2.9907061247077027,0.0
18.667693614959717,3.4006,2.9907061247077027,0.0
18.696884393692017,3.4006,2.9907061247077027,0.15851068408461286
18.72529935836792,3.4006,2.9952102001967202,0.15560438722553155
18.754245042800903,3.3887,2.9997142756857382,0.3217265593741238
18.782244443893433,3.3887,3.0087224266637738,0.31063053348823616
18.811244010925293,3.3887,3.0177305776418084,0.3216799938680898
18.839247465133667,3.3768000000000002,3.0267387286198435,0.540693254208882
18.864238023757935,3.3649000000000004,3.0402509550868966,0.4659572927704234
18.893236875534058,3.3411,3.0537631815539497,0.6410241286661603
18.921342372894287,3.3411,3.07177948351002,0.3075332797195002
18.950634002685547,3.3292,3.0807876344880554,0.47806314229999775
18.978898525238037,3.3173000000000004,3.094299860955108,0.4678497706720154
19.007780075073242,3.3054000000000006,3.107812087422161,0.6220435245271072
19.0367431640625,3.2935,3.1258283893782313,0.36798203747493563
19.061223030090332,3.2816,3.1348365403562664,0.6301617592424359
19.089812994003296,3.2697000000000003,3.1528528423123374,0.31121902819350833
19.118757724761963,3.2697000000000003,3.1618609932903725,0.3180246932349353
19.147083044052124,3.2578000000000005,3.1708691442684076,0.3216827326423663
19.17508625984192,3.234,3.1798772952464427,0.3113780476490086
19.20401620864868,3.2459,3.1888854462244782,0.31581831136186306
19.232539415359497,3.2459,3.1978935972025133,0.15720483178044822
19.26119041442871,3.234,3.202397672691531,0.360321228314006
19.28619074821472,3.2221,3.2114058236695664,0.31060755067968593
19.315192461013794,3.2221,3.220413974647602,0.32003967303740133
19.343339443206787,3.2221,3.229422125625637,0.3106637368835276
19.37233591079712,3.2221,3.2384302766036717,0.31073272046728306
19.401325941085815,3.2102000000000004,3.247438427581707,0.15823850233602135
19.429789781570435,3.1982999999999997,3.2519425030707247,0.32112771598611517
19.457841396331787,3.1864,3.2609506540487603,0.17690788054622855
19.483301401138306,3.1982999999999997,3.2654547295377783,0.0
19.51126003265381,3.1864,3.2654547295377783,0.15371909451801835
19.540560722351074,3.1864,3.2699588050267954,-0.15960074885640746
19.56878161430359,3.1864,3.2654547295377783,0.15839904280288755
19.597216606140137,3.1864,3.2699588050267954,-0.1559396252446336
19.626100063323975,3.1864,3.2654547295377783,0.0
19.65505814552307,3.1864,3.2654547295377783,0.160253313312859
19.68316411972046,3.1864,3.2699588050267954,-0.3598202340819627
19.70819926261902,3.1982999999999997,3.2609506540487603,-0.15765350491023244
19.73676872253418,3.1982999999999997,3.2564465785597427,-0.3104110589125638
19.765788793563843,3.2102000000000004,3.247438427581707,-0.3142449197379972
19.79445481300354,3.2102000000000004,3.2384302766036717,-0.46937641224129456
19.82324242591858,3.2221,3.2249180501366195,-0.4838299215420115
19.8511700630188,3.234,3.2114058236695664,-0.4722904817512362
19.879780054092407,3.2459,3.1978935972025133,-0.5374475872174255
19.904921531677246,3.2459,3.1843813707354607,-0.6334421459549923
19.933363437652588,3.2578000000000005,3.16636506877939,-0.4701824794018827
19.962101697921753,3.2697000000000003,3.1528528423123374,-0.626115232078521
19.99087643623352,3.2816,3.1348365403562664,-0.4737987536860385
20.019395351409912,3.2935,3.121324313889214,-0.46962533576124127
20.04816770553589,3.3054000000000006,3.107812087422161,-0.47437776129493014
20.07665181159973,3.3173000000000004,3.094299860955108,-0.4709560950287499
20.105342864990234,3.3292,3.0807876344880554,-0.7253462536553116
20.130181074142456,3.3411,3.0627713325319843,-0.31385075947812957
20.158883094787598,3.3529999999999998,3.0537631815539497,-0.29959816416975776
20.188950538635254,3.3649000000000004,3.0447550305759146,-0.3344124662982781
20.215887784957886,3.3649000000000004,3.035746879597879,-0.31068161857513876
20.244882583618164,3.3768000000000002,3.0267387286198435,-0.3217539571463066
20.272879600524902,3.3887,3.0177305776418084,-0.15533186844177146
20.301876068115234,3.3887,3.013226502152791,-0.3602147361976975
20.326883792877197,3.3887,3.0042183511747558,-0.16088656918173277
20.354879140853882,3.4006,2.9997142756857382,-0.15360285749042685
20.384202003479004,3.4006,2.9952102001967202,0.0
20.412639141082764,3.4006,2.9952102001967202,-0.15769430073864543
20.441201210021973,3.4125000000000005,2.9907061247077027,-0.15578531360717962
20.470113277435303,3.4006,2.986202049218685,0.0
20.49875020980835,3.4125000000000005,2.986202049218685,0.0
20.527487754821777,3.4006,2.986202049218685,0.0
20.551915884017944,3.4125000000000005,2.986202049218685,0.15954548543922914
20.580146551132202,3.4006,2.9907061247077027,-0.15364158362927377
20.609462022781372,3.3887,2.986202049218685,0.15864646024813986
20.637852668762207,3.4006,2.9907061247077027,0.0
20.666667461395264,3.4006,2.9907061247077027,0.1579012365316927
20.695192098617554,3.4006,2.9952102001967202,0.15544945888922806
20.72416663169861,3.3887,2.9997142756857382,0.0
20.748680114746094,3.3887,2.9997142756857382,0.3144070472304559
20.777331352233887,3.3887,3.0087224266637738,0.1557544879205737
20.806249141693115,3.3768000000000002,3.013226502152791,0.3195281335501961
20.83444118499756,3.3649000000000004,3.022234653130826,0.47677618843834946
20.86278200149536,3.3649000000000004,3.035746879597879,0.31111139758556017
20.89173674583435,3.3411,3.0447550305759146,0.47899244015943826
20.919946432113647,3.3411,3.058267257042967,0.6178677799817907
20.949105262756348,3.3292,3.0762835589990374,0.538837462988492
20.97418189048767,3.3173000000000004,3.0897957854660905,0.47692062473422253
21.002514123916626,3.3173000000000004,3.1033080119331435,0.4798197155310593
21.030675172805786,3.3054000000000006,3.1168202384001966,0.4554024983701185
21.060346126556396,3.2816,3.130332464867249,0.4774549963325212
21.08864665031433,3.2697000000000003,3.143844691334302,0.3195254313409926
21.116838932037354,3.2697000000000003,3.1528528423123374,0.47349791148742815
21.145375967025757,3.2578000000000005,3.16636506877939,0.3521208905767733
21.170958518981934,3.2459,3.1753732197574256,0.4783092567214234
21.1992084980011,3.2459,3.1888854462244782,0.31420310752412883
21.22787833213806,3.234,3.1978935972025133,0.47125763349741895
21.256551027297974,3.234,3.2114058236695664,0.3180193395993363
21.284876823425293,3.2221,3.220413974647602,0.15444295160144086
21.314040184020996,3.2102000000000004,3.2249180501366195,0.31647170301685673
21.342504501342773,3.2102000000000004,3.2339262011146546,0.15610198182024776
21.371357917785645,3.2102000000000004,3.2384302766036717,0.3695404446248482
21.395734548568726,3.1982999999999997,3.247438427581707,0.15915032467766546
21.42403531074524,3.1982999999999997,3.2519425030707247,0.0
21.4530348777771,3.1982999999999997,3.2519425030707247,0.15619361747422555
21.481871366500854,3.1982999999999997,3.2564465785597427,-0.15920263131633372
21.510162830352783,3.1982999999999997,3.2519425030707247,0.0
21.538768768310547,3.1982999999999997,3.2519425030707247,0.0
21.567510843276978,3.1982999999999997,3.2519425030707247,-0.15750628925795387
21.596107006072998,3.1982999999999997,3.247438427581707,0.0
21.621129751205444,3.2102000000000004,3.247438427581707,-0.3141639186777396
21.649803161621094,3.2102000000000004,3.2384302766036717,-0.4825528580522523
21.677804708480835,3.2221,3.2249180501366195,-0.30936390989821055
21.706923007965088,3.2221,3.215909899158584,-0.46559746245330913
21.735944271087646,3.234,3.202397672691531,-0.4780228198352289
21.764211177825928,3.2459,3.1888854462244782,-0.6273627842221241
21.79292869567871,3.2459,3.1708691442684076,-0.5432431562569708
21.81780195236206,3.2578000000000005,3.157356917801355,-0.6434805153539026
21.845800161361694,3.2816,3.1393406158452843,-0.6203634161642652
21.874841690063477,3.2816,3.121324313889214,-0.46652112245883454
21.90380549430847,3.3054000000000006,3.107812087422161,-0.6314202292820185
21.93233847618103,3.3173000000000004,3.0897957854660905,-0.47211737060608777
21.96095895767212,3.3292,3.0762835589990374,-0.6266552282980858
21.98970890045166,3.3411,3.058267257042967,-0.32295581437697335
22.01760172843933,3.3529999999999998,3.049259106064932,-0.5330848761185413
22.042948961257935,3.3649000000000004,3.035746879597879,-0.3180782395064895
22.071269512176514,3.3768000000000002,3.0267387286198435,-0.15405629950898453
22.100506067276,3.3887,3.022234653130826,-0.31694158827437474
22.128928184509277,3.3887,3.013226502152791,-0.158009533702075
22.15743327140808,3.3887,3.0087224266637738,-0.15961558214108373
22.185651540756226,3.4006,3.0042183511747558,0.0
22.214446783065796,3.3887,3.0042183511747558,0.0
22.239413022994995,3.3887,3.0042183511747558,-0.15591002517053243
22.268301963806152,3.3887,2.9997142756857382,0.0
22.29688549041748,3.3887,2.9997142756857382,0.0
22.3251531124115,3.3768000000000002,2.9997142756857382,0.0
22.35369300842285,3.3887,2.9997142756857382,0.1551417999645907
22.38272500038147,3.3887,3.0042183511747558,0.0
22.411442041397095,3.3887,3.0042183511747558,0.0
22.43970799446106,3.3887,3.0042183511747558,0.17926139241723307
22.464833736419678,3.3887,3.0087224266637738,0.1562272011105115
22.493664026260376,3.3768000000000002,3.013226502152791,0.0
22.52188467979431,3.3768000000000002,3.013226502152791,0.0
22.550813913345337,3.3768000000000002,3.013226502152791,0.15823055011967507
22.57927918434143,3.3649000000000004,3.0177305776418084,0.15737245686869075
22.60789966583252,3.3529999999999998,3.022234653130826,0.15683418571157898
22.6366183757782,3.3649000000000004,3.0267387286198435,0.3565873295750007
22.661880493164062,3.3649000000000004,3.035746879597879,0.161787678367075
22.689719915390015,3.3529999999999998,3.0402509550868966,0.31786951094771587
22.718059062957764,3.3529999999999998,3.049259106064932,0.30963264642308125
22.747152090072632,3.3411,3.058267257042967,0.31277513621616476
22.77595281600952,3.3292,3.0672754080210023,0.4693802996419386
22.80474019050598,3.3292,3.0807876344880554,0.4728105777208467
22.83331871032715,3.3173000000000004,3.094299860955108,0.4659687858753944
22.862316846847534,3.3054000000000006,3.107812087422161,0.564457801102202
22.886255264282227,3.2816,3.121324313889214,0.6210006850494147
22.91526699066162,3.2816,3.1393406158452843,0.47502984334252474
22.94371199607849,3.2697000000000003,3.1528528423123374,0.46518472584924103
22.972759008407593,3.2578000000000005,3.16636506877939,0.3144672338494565
23.001404762268066,3.2578000000000005,3.1753732197574256,0.4695747518055292
23.03018021583557,3.2459,3.1888854462244782,0.32171560157163953
23.058180570602417,3.234,3.1978935972025133,0.36373802568283065
23.082946062088013,3.2221,3.206901748180549,0.15509722045161278
23.1119863986969,3.2221,3.2114058236695664,0.3150125785159233
23.14058256149292,3.2102000000000004,3.220413974647602,0.31654063839225627
23.16904067993164,3.1982999999999997,3.229422125625637,0.3154570657563924
23.197596549987793,3.1982999999999997,3.2384302766036717,0.3104697252151127
23.226611137390137,3.1982999999999997,3.247438427581707,0.16078934599707423
23.254623413085938,3.1982999999999997,3.2519425030707247,0.1574997235413445
23.283220767974854,3.1982999999999997,3.2564465785597427,0.0
23.308666467666626,3.1864,3.2564465785597427,0.31723963828225554
23.337061882019043,3.1864,3.2654547295377783,0.0
23.365713834762573,3.1864,3.2654547295377783,0.0
23.39395809173584,3.1864,3.2654547295377783,0.15383550760068063
23.42323660850525,3.1864,3.2699588050267954,-0.15831541498966195
23.45168662071228,3.1864,3.2654547295377783,0.0
23.48041319847107,3.1864,3.2654547295377783,-0.184750345608877
23.50479245185852,3.1864,3.2609506540487603,-0.15652751108109342
23.533567428588867,3.1982999999999997,3.2564465785597427,-0.31089380136409406
23.56254243850708,3.1982999999999997,3.247438427581707,-0.3148524497906564
23.591153144836426,3.2102000000000004,3.2384302766036717,-0.47203872566621585
23.619778394699097,3.2102000000000004,3.2249180501366195,-0.3159239406311163
23.648292064666748,3.2221,3.215909899158584,-0.46601093211145406
23.677287578582764,3.234,3.202397672691531,-0.4800554432538645
23.705434799194336,3.2459,3.1888854462244782,-0.9246288477484959
23.729790925979614,3.2578000000000005,3.16636506877939,-0.47340298804400993
23.758333683013916,3.2697000000000003,3.1528528423123374,-0.7842881273980998
23.78704810142517,3.2816,3.130332464867249,-0.4580932889285542
23.816544771194458,3.2816,3.1168202384001966,-0.6484390728927507
23.84432888031006,3.3054000000000006,3.0988039364441256,-0.6221254640021157
23.87328815460205,3.3173000000000004,3.0807876344880554,-0.6248106312079899
23.902122974395752,3.3292,3.0627713325319843,-0.5395145555766739
23.927168130874634,3.3411,3.049259106064932,-0.47826485670604724
23.95542073249817,3.3649000000000004,3.035746879597879,-0.46372691993345005
23.984559059143066,3.3649000000000004,3.022234653130826,-0.3172423019679297
24.012954235076904,3.3768000000000002,3.013226502152791,-0.31353822397225417
24.041684865951538,3.3649000000000004,3.0042183511747558,-0.4771936877529478
24.070000886917114,3.3887,2.9907061247077027,-0.1564432561519779
24.098791360855103,3.4006,2.986202049218685,-0.15911681285544355
24.127098083496094,3.4125000000000005,2.9816979737296676,-0.1802035774642601
24.152092456817627,3.4125000000000005,2.97719389824065,0.0
24.18026328086853,3.4125000000000005,2.97719389824065,0.0
24.209595441818237,3.4125000000000005,2.97719389824065,0.0
24.238239288330078,3.4125000000000005,2.97719389824065,0.0
24.26611638069153,3.4006,2.97719389824065,0.0
24.29512047767639,3.4006,2.97719389824065,0.15535230617322
24.324113130569458,3.3887,2.9816979737296676,0.0
24.34911346435547,3.4006,2.9816979737296676,0.3142449197379817
24.377779483795166,3.4006,2.9907061247077027,0.15839107444297645
24.40621590614319,3.4006,2.9952102001967202,0.15883186345964442
24.43457341194153,3.3887,2.9997142756857382,0.3143024297056729
24.463234186172485,3.3887,3.0087224266637738,0.15520935489078166
24.49225354194641,3.3768000000000002,3.013226502152791,0.15754438121195746
24.520842790603638,3.3768000000000002,3.0177305776418084,0.32074878331841905
24.548927545547485,3.3649000000000004,3.0267387286198435,0.35755920544131536
24.57412099838257,3.3649000000000004,3.035746879597879,0.31410645938279574
24.602799654006958,3.3411,3.0447550305759146,0.3198039991855404
24.630967378616333,3.3411,3.0537631815539497,0.31276736875030736
24.65976881980896,3.3411,3.0627713325319843,0.4662562978779995
24.688749074935913,3.3292,3.0762835589990374,0.4710108914994107
24.71743679046631,3.3173000000000004,3.0897957854660905,0.4697810470794645
24.74619960784912,3.3054000000000006,3.1033080119331435,0.554115561548965
24.77058482170105,3.2935,3.1168202384001966,0.3181505555817261
24.798898935317993,3.2816,3.1258283893782313,0.46543686677452323
24.827930212020874,3.2697000000000003,3.1393406158452843,0.46928701979569415
24.856723308563232,3.2697000000000003,3.1528528423123374,0.47248735312228307
24.885321378707886,3.2459,3.16636506877939,0.15715382946417308
24.913981676101685,3.2459,3.1708691442684076,0.4696837154076708
24.942750453948975,3.2459,3.1843813707354607,0.3158948855389904
24.971266746520996,3.234,3.1933895217134958,0.36367500558056914
24.996036529541016,3.234,3.202397672691531,0.3113908788799561
25.024965286254883,3.2221,3.2114058236695664,0.3189159021868135
25.053211450576782,3.2221,3.220413974647602,0.46860409878756715
25.082046508789062,3.2102000000000004,3.2339262011146546,0.31053607035239983
25.11105489730835,3.1982999999999997,3.2429343520926897,0.160461572383789
25.139124393463135,3.1982999999999997,3.247438427581707,0.31497056178279176
25.16772437095642,3.1864,3.2564465785597427,0.18050662003753412
25.192676782608032,3.1864,3.2609506540487603,0.15834062677492985
25.22112226486206,3.1864,3.2654547295377783,-0.1553063288382942
25.250123500823975,3.1864,3.2609506540487603,0.0
25.278178930282593,3.1864,3.2609506540487603,0.0
25.3072829246521,3.1864,3.2609506540487603,0.0
25.33603835105896,3.1864,3.2609506540487603,-0.15831541498967758
25.36448836326599,3.1982999999999997,3.2564465785597427,-0.4680893448715402
25.393355131149292,3.1982999999999997,3.2429343520926897,-0.37309834972327377
25.41749930381775,3.2102000000000004,3.2339262011146546,-0.46981609635719457
25.44625997543335,3.2102000000000004,3.220413974647602,-0.31128312939559355
25.47519874572754,3.2221,3.2114058236695664,-0.6328267930621794
25.503668308258057,3.234,3.1933895217134958,-0.6242170825276768
25.532530546188354,3.2459,3.1753732197574256,-0.47467972293367894
25.560996532440186,3.2578000000000005,3.1618609932903725,-0.6278423317066987
25.58969211578369,3.2697000000000003,3.143844691334302,-0.7289989808653042
25.614405870437622,3.2816,3.1258283893782313,-0.3102963411170348
25.643436670303345,3.2935,3.1168202384001966,-0.8043095496338095
25.671436309814453,3.3054000000000006,3.094299860955108,-0.465961123742403
25.700434923171997,3.3173000000000004,3.0807876344880554,-0.6433873764117216
25.728437185287476,3.3292,3.0627713325319843,-0.46606458380341503
25.757429361343384,3.3411,3.049259106064932,-0.3106433031849439
25.78642773628235,3.3649000000000004,3.0402509550868966,-0.48254874940115283
25.81442952156067,3.3649000000000004,3.0267387286198435,-0.17615237857138558
25.839998722076416,3.3768000000000002,3.022234653130826,-0.3169655180263459
25.86841869354248,3.3768000000000002,3.013226502152791,-0.15769956625445666
25.896979808807373,3.3887,3.0087224266637738,-0.1574144190106749
25.92559266090393,3.3887,3.0042183511747558,-0.15633580085806936
25.954402923583984,3.3887,2.9997142756857382,0.0
25.9822359085083,3.3887,2.9997142756857382,-0.15448841908908859
26.011390686035156,3.3887,2.9952102001967202,0.17837952372755186
26.036640644073486,3.3887,2.9997142756857382,0.0
26.064382076263428,3.3887,2.9997142756857382,0.0
26.093764066696167,3.3887,2.9997142756857382,0.0
26.122031211853027,3.3887,2.9997142756857382,-0.15935975773024907
26.1502947807312,3.3887,2.9952102001967202,0.0
26.178999185562134,3.3887,2.9952102001967202,0.15225472557496178
26.208581686019897,3.3887,2.9997142756857382,0.0
26.23688316345215,3.3887,2.9997142756857382,0.18425840841815566
26.261327505111694,3.3887,3.0042183511747558,0.0
26.290338277816772,3.3887,3.0042183511747558,0.0
26.318751096725464,3.3768000000000002,3.0042183511747558,0.15775092346783104
26.34730291366577,3.3768000000000002,3.0087224266637738,0.15529739196105438
26.37630581855774,3.3768000000000002,3.013226502152791,0.3231933936082844
26.404178142547607,3.3649000000000004,3.022234653130826,0.30543008859679843
26.433671474456787,3.3649000000000004,3.0312428041088615,0.3738921524326491
26.457764387130737,3.3529999999999998,3.0402509550868966,0.46943473001239633
26.48654842376709,3.3411,3.0537631815539497,0.46257252301391394
26.515759468078613,3.3292,3.0672754080210023,0.63480441001659
26.544140338897705,3.3173000000000004,3.085291709977073,0.4694502838655186
26.57292342185974,3.3054000000000006,3.0988039364441256,0.48330592099592884
26.600881338119507,3.2935,3.1123161629111786,0.4613299594600304
26.630171060562134,3.2816,3.1258283893782313,0.472491292223852
26.658768892288208,3.2816,3.1393406158452843,0.7267274536651392
26.683559894561768,3.2578000000000005,3.157356917801355,0.321770398049569
26.71155548095703,3.2578000000000005,3.16636506877939,0.4650473095452845
26.74061107635498,3.234,3.1798772952464427,0.3097392561240366
26.769694089889526,3.234,3.1888854462244782,0.48260216732375133
26.79769277572632,3.234,3.202397672691531,0.46234987656667614
26.82691788673401,3.2221,3.215909899158584,0.32376112836142545
26.85474133491516,3.2102000000000004,3.2249180501366195,0.7043533738446831
26.880319833755493,3.1864,3.2429343520926897,0.16221973826928834
26.908085107803345,3.1982999999999997,3.247438427581707,0.4698745234435448
26.93684220314026,3.1864,3.2609506540487603,0.30423238141070197
26.96645164489746,3.1864,3.2699588050267954,0.0
26.99497675895691,3.1745,3.2699588050267954,0.0
27.023306131362915,3.1864,3.2699588050267954,0.0
27.051411867141724,3.1864,3.2699588050267954,-0.15515581596187833
27.08044123649597,3.1864,3.2654547295377783,0.0
27.105583667755127,3.1864,3.2654547295377783,0.0
27.133780241012573,3.1864,3.2654547295377783,0.0
27.162293672561646,3.1864,3.2654547295377783,-0.46968760790018943
27.191062211990356,3.1982999999999997,3.2519425030707247,-0.31271818375759586
27.219868183135986,3.1982999999999997,3.2429343520926897,-0.4848357102987727
27.247737884521484,3.2102000000000004,3.229422125625637,-0.45492727923379217
27.277439832687378,3.2102000000000004,3.215909899158584,-0.5588859191730923
27.30161690711975,3.234,3.202397672691531,-0.46920154583335183
27.33041524887085,3.2459,3.1888854462244782,-0.6194683556138447
27.359498739242554,3.2578000000000005,3.1708691442684076,-0.6224534378875863
27.388442754745483,3.2697000000000003,3.1528528423123374,-0.6447487872182788
27.416385889053345,3.2816,3.1348365403562664,-0.6219411305312849
27.445353746414185,3.2935,3.1168202384001966,-0.4870272370382459
27.473098039627075,3.3054000000000006,3.1033080119331435,-0.6146513153427647
27.5024094581604,3.3173000000000004,3.085291709977073,-0.726734442773176
27.52720022201538,3.3292,3.0672754080210023,-0.636971562377694
27.555484533309937,3.3411,3.049259106064932,-0.1557082722572923
27.584410905838013,3.3529999999999998,3.0447550305759146,-0.46422071114114427
27.613518238067627,3.3649000000000004,3.0312428041088615,-0.31971740183944586
27.641693592071533,3.3768000000000002,3.022234653130826,-0.31316659770386984
27.67045831680298,3.3768000000000002,3.013226502152791,-0.3240221230449247
27.698259353637695,3.3887,3.0042183511747558,-0.177135132113345
27.723686695098877,3.3887,2.9997142756857382,-0.15531271295178287
27.752686738967896,3.3887,2.9952102001967202,0.0
27.781089305877686,3.4006,2.9952102001967202,-0.1564782433374603
27.809873342514038,3.3887,2.9907061247077027,0.0
27.83796715736389,3.4006,2.9907061247077027,0.0
27.866946935653687,3.4006,2.9907061247077027,0.0
27.89584708213806,3.4006,2.9907061247077027,0.15960614245911514
27.92406702041626,3.4006,2.9952102001967202,-0.17994781859813727
27.94909691810608,3.4006,2.9907061247077027,0.1590699200071424
27.97741198539734,3.3887,2.9952102001967202,0.0
28.006739139556885,3.4006,2.9952102001967202,0.0
28.034788608551025,3.3768000000000002,2.9952102001967202,0.1555800391999251
28.06373882293701,3.3887,2.9997142756857382,0.0
28.092445611953735,3.3887,2.9997142756857382,0.31848846584208607
28.120729684829712,3.3768000000000002,3.0087224266637738,0.183792326265835
28.145236015319824,3.3768000000000002,3.013226502152791,0.1553139898374488
28.174235820770264,3.3649000000000004,3.0177305776418084,0.3098993083971169
28.203303813934326,3.3649000000000004,3.0267387286198435,0.32250647591869125
28.23123550415039,3.3529999999999998,3.035746879597879,0.31069183760888053
28.260229349136353,3.3529999999999998,3.0447550305759146,0.4825692933564771
28.288229942321777,3.3411,3.058267257042967,0.3106254259035351
28.317229986190796,3.3173000000000004,3.0672754080210023,0.630993155803459
28.34578227996826,3.3173000000000004,3.085291709977073,0.5315050691143649
28.37120485305786,3.3054000000000006,3.0988039364441256,0.634799077273471
28.399585962295532,3.2935,3.1168202384001966,0.31394203306833923
28.428279638290405,3.2816,3.1258283893782313,0.32119323386954757
28.45632553100586,3.2697000000000003,3.1348365403562664,0.6309246669412767
28.484880924224854,3.2578000000000005,3.1528528423123374,0.30569203126083344
28.51434898376465,3.2578000000000005,3.1618609932903725,0.3127544238312059
28.54315161705017,3.2459,3.1708691442684076,0.3721318974478385
28.56735849380493,3.2459,3.1798772952464427,0.31402291973652
28.596044778823853,3.2221,3.1888854462244782,0.31241564834689256
28.624878644943237,3.234,3.1978935972025133,0.15883586974522854
28.65323543548584,3.2221,3.202397672691531,0.46509692273330266
28.68228793144226,3.2221,3.215909899158584,0.15891871158687787
28.71062994003296,3.2102000000000004,3.220413974647602,0.4785273400571177
28.738867044448853,3.2102000000000004,3.2339262011146546,0.30896673164804794
28.768022775650024,3.1982999999999997,3.2429343520926897,0.18174653505626343
28.792804956436157,3.1982999999999997,3.247438427581707,0.48041761411613726
28.82093095779419,3.1864,3.2609506540487603,0.1562181579417027
28.84976291656494,3.1745,3.2654547295377783,0.15490264470170947
28.87883973121643,3.1626000000000003,3.2699588050267954,0.0
28.90726590156555,3.1864,3.2699588050267954,0.0
28.935600519180298,3.1864,3.2699588050267954,0.0
28.9647855758667,3.1864,3.2699588050267954,-0.17987071866441695
28.989826202392578,3.1745,3.2654547295377783,0.16154694965740315
29.017707109451294,3.1864,3.2699588050267954,-0.15506539362455887
29.046753406524658,3.1864,3.2654547295377783,0.15594606153066576
29.0756356716156,3.1864,3.2699588050267954,0.0
29.10399556159973,3.1745,3.2699588050267954,0.0
29.132118701934814,3.1864,3.2699588050267954,0.0
29.161112546920776,3.1864,3.2699588050267954,0.0
29.190118312835693,3.1864,3.2699588050267954,0.18774123567590803
29.214109182357788,3.1864,3.274462880515813,0.0
29.24315047264099,3.1864,3.274462880515813,0.0
29.271535634994507,3.1864,3.274462880515813,0.0
29.300540685653687,3.1864,3.274462880515813,-0.16087286866234848
29.328538417816162,3.1864,3.2699588050267954,0.15262744366704298
29.358048677444458,3.1864,3.274462880515813,0.0
29.38630771636963,3.1864,3.274462880515813,0.0
29.410733938217163,3.1864,3.274462880515813,-0.15253132213097984
29.44026279449463,3.1864,3.2699588050267954,-0.16275220193742307
29.467937231063843,3.1864,3.2654547295377783,0.0
29.497520923614502,3.1864,3.2654547295377783,0.0
29.525484323501587,3.1864,3.2654547295377783,0.0
29.554519414901733,3.1864,3.2654547295377783,0.16059115618288788
29.582566261291504,3.1864,3.2699588050267954,-0.15422986423177903
29.611769914627075,3.1864,3.2654547295377783,0.0
29.636638641357422,3.1864,3.2654547295377783,0.0
29.665336847305298,3.1864,3.2654547295377783,0.0
29.693835735321045,3.1864,3.2654547295377783,0.0
29.72196316719055,3.1864,3.2654547295377783,-0.15807167347120044
29.750457048416138,3.1864,3.2609506540487603,0.15265334324458285
29.779962301254272,3.1864,3.2654547295377783,0.0
29.808435201644897,3.1864,3.2654547295377783,0.0
29.837021589279175,3.1864,3.2654547295377783,0.0
29.861530542373657,3.1864,3.2654547295377783,-0.15704800724817408
29.890210151672363,3.1864,3.2609506540487603,0.15556850858393467
29.91916251182556,3.1864,3.2654547295377783,0.0
29.94784450531006,3.1864,3.2654547295377783,-0.15703234200219535
29.976526975631714,3.1864,3.2609506540487603,0.162535161661276
30.00423836708069,3.1864,3.2654547295377783,0.0
30.0336971282959,3.1745,3.2654547295377783,0.0
30.058863401412964,3.1864,3.2654547295377783,0.0
30.086833238601685,3.1864,3.2654547295377783,0.0
30.11584973335266,3.1864,3.2654547295377783,0.0
30.144095420837402,3.1864,3.2654547295377783,-0.1549636354977082
30.173160791397095,3.1864,3.2609506540487603,0.1599846026937841
30.201313972473145,3.1864,3.2654547295377783,-0.1563953361526753
30.23011326789856,3.1864,3.2609506540487603,0.15954009593529464
30.258344888687134,3.1864,3.2654547295377783,0.0
30.28322196006775,3.1864,3.2654547295377783,-0.15492296963195404
30.312294960021973,3.1745,3.2609506540487603,0.1584136535452908
30.34072732925415,3.1864,3.2654547295377783,-0.155087034445622
30.36976957321167,3.1864,3.2609506540487603,0.15809548462592354
30.398259162902832,3.1864,3.2654547295377783,0.0
30.426812171936035,3.1864,3.2654547295377783,-0.15973299714963438
30.455009698867798,3.1864,3.2609506540487603,0.1749825108824411
30.48074984550476,3.1864,3.2654547295377783,-0.15996292805095816
30.508906841278076,3.1864,3.2609506540487603,0.0
30.537771701812744,3.1864,3.2609506540487603,0.15675350232656063
30.566505193710327,3.1864,3.2654547295377783,-0.158287558671544
30.59496021270752,3.1745,3.2609506540487603,0.15701798493849517
30.623645305633545,3.1864,3.2654547295377783,-0.15951315387640255
30.6518816947937,3.1864,3.2609506540487603,0.0
30.68017864227295,3.1864,3.2609506540487603,0.17905580573512508
30.70533323287964,3.1864,3.2654547295377783,-0.15717736488193979
30.733989238739014,3.1864,3.2609506540487603,0.1552922856358773
30.762993097305298,3.1864,3.2654547295377783,-0.16087149873876036
30.790991067886353,3.1864,3.2609506540487603,0.15530249862211642
30.819993019104004,3.1864,3.2654547295377783,-0.16089342031656764
30.847987174987793,3.1864,3.2609506540487603,0.0
30.877017974853516,3.1864,3.2609506540487603,0.18042387102830887
30.901981830596924,3.1864,3.2654547295377783,-0.15607489891764037
30.930840253829956,3.1864,3.2609506540487603,0.0
30.959102869033813,3.1864,3.2609506540487603,0.0
30.987447500228882,3.1864,3.2609506540487603,0.0
31.016671657562256,3.1864,3.2609506540487603,0.1575062892579694
31.045267820358276,3.1864,3.2654547295377783,-0.15961153642638168
31.073486804962158,3.1864,3.2609506540487603,0.0
31.102001667022705,3.1864,3.2609506540487603,0.0
31.127666234970093,3.1864,3.2609506540487603,0.0
31.155713319778442,3.1864,3.2609506540487603,0.15389566078685274
31.184980392456055,3.1864,3.2654547295377783,-0.1582451297936029
31.21344304084778,3.1864,3.2609506540487603,0.0
31.24179196357727,3.1864,3.2609506540487603,0.0
31.270233392715454,3.1864,3.2609506540487603,0.0
31.299129009246826,3.1982999999999997,3.2609506540487603,0.0
31.323477745056152,3.1864,3.2609506540487603,0.0
31.352590560913086,3.1982999999999997,3.2609506540487603,0.1572414692482301
31.381234884262085,3.1864,3.2654547295377783,-0.157004935340332
31.4099223613739,3.1864,3.2609506540487603,0.0
31.438634157180786,3.1864,3.2609506540487603,0.0
31.467111110687256,3.1864,3.2609506540487603,0.0
31.496130228042603,3.1864,3.2609506540487603,0.1568393939435132
31.524847984313965,3.1864,3.2654547295377783,-0.18626775361996142
31.549028635025024,3.1864,3.2609506540487603,0.0
31.577491283416748,3.1864,3.2609506540487603,0.0
31.6065890789032,3.1864,3.2609506540487603,0.0
31.634687423706055,3.1864,3.2609506540487603,0.1533360538289661
31.664061307907104,3.1864,3.2654547295377783,-0.15937051274604014
31.692322969436646,3.1864,3.2609506540487603,0.15650805958187752
31.72110152244568,3.1982999999999997,3.2654547295377783,-0.18428357222879155
31.745542526245117,3.1864,3.2609506540487603,0.0
31.77451992034912,3.1864,3.2609506540487603,0.15528462677766267
31.80352520942688,3.1864,3.2654547295377783,-0.1599047065386578
31.831692457199097,3.1864,3.2609506540487603,0.0
31.859884023666382,3.1864,3.2609506540487603,0.0
31.889248371124268,3.1864,3.2609506540487603,0.0
31.91744089126587,3.1864,3.2609506540487603,0.15697232083266258
31.946134328842163,3.1982999999999997,3.2654547295377783,-0.18140273129593634
31.97096347808838,3.1864,3.2609506540487603,0.0
31.999272346496582,3.1864,3.2609506540487603,0.0
32.02872085571289,3.1745,3.2609506540487603,0.0
32.0566668510437,3.1982999999999997,3.2609506540487603,0.0
32.08576560020447,3.1864,3.2609506540487603,0.0
32.1143913269043,3.1982999999999997,3.2609506540487603,0.155785313607195
32.14330339431763,3.1982999999999997,3.2654547295377783,-0.18528307022253931
32.16761255264282,3.1864,3.2609506540487603,0.0
32.19656729698181,3.1864,3.2609506540487603,0.1571015537620799
32.225237131118774,3.1982999999999997,3.2654547295377783,-0.15602204984960694
32.25410532951355,3.1982999999999997,3.2609506540487603,0.1604057113250924
32.28218460083008,3.1864,3.2654547295377783,-0.15975731148058037
32.31037783622742,3.1745,3.2609506540487603,0.0
32.338993310928345,3.1864,3.2609506540487603,0.0
32.36805820465088,3.1864,3.2609506540487603,0.1836190451371458
32.392587661743164,3.1982999999999997,3.2654547295377783,-0.1587931464489918
32.4209520816803,3.1864,3.2609506540487603,0.0
32.45031499862671,3.1864,3.2609506540487603,0.16000628321114374
32.47846436500549,3.1982999999999997,3.2654547295377783,-0.15845883106769088
32.50688862800598,3.1982999999999997,3.2609506540487603,0.0
32.53627038002014,3.1864,3.2609506540487603,0.1605352048801824
32.564327001571655,3.1864,3.2654547295377783,-0.18324324011727153
32.58890676498413,3.1745,3.2609506540487603,0.0
32.6181058883667,3.1982999999999997,3.2609506540487603,0.0
32.646260023117065,3.1982999999999997,3.2609506540487603,0.1539320261386349
32.675520181655884,3.1982999999999997,3.2654547295377783,0.0
32.704164028167725,3.1864,3.2654547295377783,0.0
32.733025550842285,3.1982999999999997,3.2654547295377783,-0.15820934811645876
32.761494636535645,3.1982999999999997,3.2609506540487603,0.0
32.78954792022705,3.1982999999999997,3.2609506540487603,0.0
32.814573526382446,3.1864,3.2609506540487603,0.15578659827559566
32.8434853553772,3.1864,3.2654547295377783,-0.1562129908866829
32.872318267822266,3.1982999999999997,3.2609506540487603,0.0
32.90121603012085,3.1982999999999997,3.2609506540487603,0.0
32.929455280303955,3.1982999999999997,3.2609506540487603,0.0
32.95795726776123,3.1864,3.2609506540487603,0.15764561138140032
32.986528158187866,3.1982999999999997,3.2654547295377783,-0.18037046926960013
33.01149940490723,3.1982999999999997,3.2609506540487603,0.0
33.04016327857971,3.1982999999999997,3.2609506540487603,0.0
33.068273067474365,3.1864,3.2609506540487603,0.0
33.09742474555969,3.1982999999999997,3.2609506540487603,0.0
33.126264572143555,3.1982999999999997,3.2609506540487603,0.0
33.15490436553955,3.1982999999999997,3.2609506540487603,0.0
33.18262481689453,3.1982999999999997,3.2609506540487603,0.0
33.2118022441864,3.1982999999999997,3.2609506540487603,0.0
33.23667526245117,3.1982999999999997,3.2609506540487603,0.15760615559079053
33.26525330543518,3.1982999999999997,3.2654547295377783,-0.15437984669355323
33.29442858695984,3.1982999999999997,3.2609506540487603,0.15678992970221436
33.32315540313721,3.1982999999999997,3.2654547295377783,-0.15841763876101758
33.35158705711365,3.1982999999999997,3.2609506540487603,0.0
33.38007092475891,3.1982999999999997,3.2609506540487603,0.0
33.408812046051025,3.1982999999999997,3.2609506540487603,0.0
33.433189392089844,3.1982999999999997,3.2609506540487603,0.15435588034782627
33.462369203567505,3.1864,3.2654547295377783,-0.1587144355940628
33.490747690200806,3.1982999999999997,3.2609506540487603,0.0
33.51894474029541,3.1982999999999997,3.2609506540487603,0.0
33.54793667793274,3.1982999999999997,3.2609506540487603,0.1545200094871552
33.57708549499512,3.1982999999999997,3.2654547295377783,0.0
33.60507369041443,3.1982999999999997,3.2654547295377783,-0.15762719622099564
33.63364791870117,3.1982999999999997,3.2609506540487603,0.1799289658446207
33.65868043899536,3.1864,3.2654547295377783,-0.1576324572563737
33.68725371360779,3.1982999999999997,3.2609506540487603,0.0
33.71537923812866,3.1982999999999997,3.2609506540487603,0.0
33.74437713623047,3.1864,3.2609506540487603,0.0
33.82237458229065,3.1982999999999997,3.2609506540487603,0.0
33.89430069923401,3.1982999999999997,3.2609506540487603,0.0
33.92729640007019,3.1864,3.2609506540487603,0.2370529637470055
