timestamp,velocity_m_s,pressure_bar,power_W,position_deg
1748842752.4543989,0,-0.8715,0.0,201.46627565982405
1748842752.46217,0,-0.8715,0.0,201.46627565982405
1748842752.4723294,0,-0.8715,0.0,201.46627565982405
1748842752.4822052,0,-0.8715,0.0,201.46627565982405
1748842752.4918222,0,-0.8715,0.0,201.46627565982405
1748842752.5018876,0,-0.8715,0.0,201.46627565982405
1748842752.5160007,0,-0.8715,0.0,201.46627565982405
1748842752.5221422,0,-0.8715,0.0,201.46627565982405
1748842752.5321324,0,-0.8715,0.0,201.46627565982405
1748842752.5419927,0,-0.8715,0.0,201.46627565982405
1748842752.5519927,0,-0.8715,0.0,201.46627565982405
1748842752.5618448,0,-0.8715,0.0,201.46627565982405
1748842752.5732222,0,-0.8715,0.0,201.46627565982405
1748842752.5823617,0,-0.8715,0.0,201.46627565982405
1748842752.5916808,0,-0.8715,0.0,201.46627565982405
1748842752.6023848,0,-0.8715,0.0,201.46627565982405
1748842752.6117373,0,-0.8715,0.0,201.46627565982405
1748842752.6220095,0,-0.8715,0.0,201.46627565982405
1748842752.6332862,0,-0.8715,0.0,201.46627565982405
1748842752.6414576,0,-0.8715,0.0,201.46627565982405
1748842752.6531234,0,-0.8715,0.0,201.46627565982405
1748842752.6622975,0,-0.8715,0.0,201.46627565982405
1748842752.6717134,0,-0.8715,0.0,201.46627565982405
1748842752.6820705,0,-0.8715,0.0,201.46627565982405
1748842752.6920695,0,-0.8715,0.0,201.46627565982405
1748842752.701815,0,-0.8715,0.0,201.46627565982405
1748842752.7117147,0,-0.8715,0.0,201.46627565982405
1748842752.7222924,0,-0.8715,0.0,201.46627565982405
1748842752.7315812,0,-0.8715,0.0,201.46627565982405
1748842752.7416842,0,-0.8715,0.0,201.46627565982405
1748842752.7548814,0,-0.8715,0.0,201.46627565982405
1748842752.9148853,0,-0.8715,0.0,201.46627565982405
1748842752.9219265,0,-0.8715,0.0,201.46627565982405
1748842752.9319246,0,-0.8715,0.0,201.46627565982405
1748842752.9420261,0,-0.8715,0.0,201.46627565982405
1748842752.9520278,0,-0.8715,0.0,201.46627565982405
1748842752.9622147,0,-0.8715,0.0,201.46627565982405
1748842752.972406,0,-0.8715,0.0,201.46627565982405
1748842752.9822807,0,-0.8715,0.0,201.46627565982405
1748842752.9924896,0,-0.8715,0.0,201.46627565982405
1748842753.0014975,0,-0.8715,0.0,201.46627565982405
1748842753.0126257,0,-0.8715,0.0,201.46627565982405
1748842753.0217469,0,-0.8715,0.0,201.46627565982405
1748842753.0320299,0,-0.8715,0.0,201.46627565982405
1748842753.042266,0,-0.8715,0.0,201.46627565982405
1748842753.0527756,0,-0.8715,0.0,201.46627565982405
1748842753.0619414,0,-0.8715,0.0,201.46627565982405
1748842753.0716677,0,-0.8715,0.0,201.46627565982405
1748842753.0814502,0,-0.8715,0.0,201.46627565982405
1748842753.091617,0,-0.8715,0.0,201.46627565982405
1748842753.1014707,0,-0.8715,0.0,201.46627565982405
1748842753.1116567,0,-0.8715,0.0,201.46627565982405
1748842753.1217492,0,-0.8715,0.0,201.46627565982405
1748842753.133378,0,-0.8715,0.0,201.46627565982405
1748842753.141494,0,-0.8715,0.0,201.46627565982405
1748842753.152218,0,-0.8715,0.0,201.46627565982405
1748842753.1623945,0,-0.8715,0.0,201.46627565982405
1748842753.172052,0,-0.8715,0.0,201.46627565982405
1748842753.181922,0,-0.8715,0.0,201.46627565982405
1748842753.1925485,0,-0.8715,0.0,201.46627565982405
1748842753.203391,0,-0.8715,0.0,201.46627565982405
1748842753.2115364,0,-0.8715,0.0,201.46627565982405
1748842753.2219386,0,-0.8715,0.0,201.46627565982405
1748842753.2315078,0,-0.8715,0.0,201.46627565982405
1748842753.2417355,0,-0.8715,0.0,201.46627565982405
1748842753.2516022,0,-0.8715,0.0,201.46627565982405
1748842753.261628,0,-0.8715,0.0,201.46627565982405
1748842753.271594,0,-0.8715,0.0,201.46627565982405
1748842753.2815537,0,-0.8715,0.0,201.46627565982405
1748842753.2918968,0,-0.8715,0.0,201.46627565982405
1748842753.3031213,0,-0.8715,0.0,201.46627565982405
1748842753.3122644,0,-0.8715,0.0,201.46627565982405
1748842753.3222578,0,-0.8715,0.0,201.46627565982405
1748842753.3322897,0,-0.8715,0.0,201.46627565982405
1748842753.3423312,0,-0.8715,0.0,201.46627565982405
1748842753.352632,0,-0.8715,0.0,201.46627565982405
1748842753.3618026,0,-0.8715,0.0,201.46627565982405
1748842753.3718038,0,-0.8715,0.0,201.46627565982405
1748842753.3816357,0,-0.8715,0.0,201.46627565982405
1748842753.391776,0,-0.8715,0.0,201.46627565982405
1748842753.401635,0,-0.8715,0.0,201.46627565982405
1748842753.4122882,0,-0.8715,0.0,201.46627565982405
1748842753.4214625,0,-0.8715,0.0,201.46627565982405
1748842753.431513,0,-0.8715,0.0,201.46627565982405
1748842753.4418583,0,-0.8715,0.0,201.46627565982405
1748842753.451442,0,-0.8715,0.0,201.46627565982405
1748842753.4615233,0,-0.8715,0.0,201.46627565982405
1748842753.4716098,0,-0.8715,0.0,201.46627565982405
1748842753.4815767,0,-0.8715,0.0,201.46627565982405
1748842753.4924092,0,-0.8715,0.0,201.46627565982405
1748842753.5043201,0,-0.8715,0.0,201.46627565982405
1748842753.512282,0,-0.8715,0.0,201.46627565982405
1748842753.5223858,0,-0.8715,0.0,201.46627565982405
1748842753.5314693,0,-0.8715,0.0,201.46627565982405
1748842753.5427723,0,-0.8715,0.0,201.46627565982405
1748842753.5527687,0,-0.8715,0.0,201.46627565982405
1748842753.5614443,0,-0.8715,0.0,201.46627565982405
1748842753.5735917,0,-0.8715,0.0,201.46627565982405
1748842753.5833757,0,-0.8715,0.0,201.46627565982405
1748842753.5915048,0,-0.8715,0.0,201.46627565982405
1748842753.6039374,0,-0.8715,0.0,201.46627565982405
1748842753.612058,0,-0.8715,0.0,201.46627565982405
1748842753.622882,0,-0.8715,0.0,201.46627565982405
1748842753.6328862,0,-0.8715,0.0,201.46627565982405
1748842753.6415868,0,-0.8715,0.0,201.46627565982405
1748842753.6515262,0,-0.8715,0.0,201.46627565982405
1748842753.6618292,0,-0.8715,0.0,201.46627565982405
1748842753.6718545,0,-0.8715,0.0,201.46627565982405
1748842753.6817985,0,-0.8715,0.0,201.46627565982405
1748842753.691848,0,-0.8715,0.0,201.46627565982405
1748842753.7021878,0,-0.8715,0.0,201.46627565982405
1748842753.713058,0,-0.8715,0.0,201.46627565982405
1748842753.722677,0,-0.8715,0.0,201.46627565982405
1748842753.7317657,0,-0.8715,0.0,201.46627565982405
1748842753.7418551,0,-0.8715,0.0,201.46627565982405
1748842753.7525048,0,-0.8715,0.0,201.46627565982405
1748842753.7615123,0,-0.8715,0.0,201.46627565982405
1748842753.771448,0,-0.8715,0.0,201.46627565982405
1748842753.7826135,0,-0.8715,0.0,201.46627565982405
1748842753.7924058,0,-0.8715,0.0,201.46627565982405
1748842753.8024185,0,-0.8715,0.0,201.46627565982405
1748842753.9057965,0,-0.8715,0.0,201.46627565982405
1748842753.9114692,0,-0.8715,0.0,201.46627565982405
1748842753.9220412,0,-0.8715,0.0,201.46627565982405
1748842753.9318254,0,-0.8715,0.0,201.46627565982405
1748842753.941916,0,-0.8715,0.0,201.46627565982405
1748842753.9518273,0,-0.8715,0.0,201.46627565982405
1748842753.9619539,0,-0.8715,0.0,201.46627565982405
1748842753.9717956,0,-0.8715,0.0,201.46627565982405
1748842753.9818058,0,-0.8715,0.0,201.46627565982405
1748842753.9917798,0,-0.8715,0.0,201.46627565982405
1748842754.001724,0,-0.8715,0.0,201.46627565982405
1748842754.0118937,0,-0.8715,0.0,201.46627565982405
1748842754.0217462,0,-0.8715,0.0,201.46627565982405
1748842754.0318565,0,-0.8715,0.0,201.46627565982405
1748842754.041859,0,-0.8715,0.0,201.46627565982405
1748842754.0527158,0,-0.8715,0.0,201.46627565982405
1748842754.0623689,0,-0.8715,0.0,201.46627565982405
1748842754.0714946,0,-0.8715,0.0,201.46627565982405
1748842754.0815804,0,-0.8715,0.0,201.46627565982405
1748842754.091581,0,-0.8715,0.0,201.46627565982405
1748842754.1015952,0,-0.8715,0.0,201.46627565982405
1748842754.1116133,0,-0.8715,0.0,201.46627565982405
1748842754.1215825,0,-0.8715,0.0,201.46627565982405
1748842754.131763,0,-0.8715,0.0,201.46627565982405
1748842754.141763,0,-0.8715,0.0,201.46627565982405
1748842754.1524193,0,-0.8715,0.0,201.46627565982405
1748842754.1624193,0,-0.8715,0.0,201.46627565982405
1748842754.1720192,0,-0.8715,0.0,201.46627565982405
1748842754.1820028,0,-0.8715,0.0,201.46627565982405
1748842754.1919239,0,-0.8715,0.0,201.46627565982405
1748842754.202036,0,-0.8715,0.0,201.46627565982405
1748842754.2119465,0,-0.8715,0.0,201.46627565982405
1748842754.2219017,0,-0.8715,0.0,201.46627565982405
1748842754.2325568,0,-0.8715,0.0,201.46627565982405
1748842754.2419336,0,-0.8715,0.0,201.46627565982405
1748842754.252955,0,-0.8715,0.0,201.46627565982405
1748842754.2639847,0,-0.8715,0.0,201.46627565982405
1748842754.2730308,0,-0.8715,0.0,201.46627565982405
1748842754.282198,0,-0.8715,0.0,201.46627565982405
1748842754.292414,0,-0.8715,0.0,201.46627565982405
1748842754.3015795,0,-0.8715,0.0,201.46627565982405
1748842754.3116183,0,-0.8715,0.0,201.46627565982405
1748842754.3216834,0,-0.8715,0.0,201.46627565982405
1748842754.3315842,0,-0.8715,0.0,201.46627565982405
1748842754.342724,0,-0.8715,0.0,201.46627565982405
1748842754.3518598,0,-0.8715,0.0,201.46627565982405
1748842754.3625596,0,-0.8715,0.0,201.46627565982405
1748842754.3726678,0,-0.8715,0.0,201.46627565982405
1748842754.383001,0,-0.8715,0.0,201.46627565982405
1748842754.3921652,0,-0.8715,0.0,201.46627565982405
1748842754.4020941,0,-0.8715,0.0,201.46627565982405
1748842754.4123192,0,-0.8715,0.0,201.46627565982405
1748842754.4223216,0,-0.8715,0.0,201.46627565982405
1748842754.4315054,0,-0.8715,0.0,201.46627565982405
1748842754.441663,0,-0.8715,0.0,201.46627565982405
1748842754.4518366,0,-0.8715,0.0,201.46627565982405
1748842754.4621537,0,-0.8715,0.0,201.46627565982405
1748842754.4721,0,-0.8715,0.0,201.46627565982405
1748842754.4816277,0,-0.8715,0.0,201.46627565982405
1748842754.4917974,0,-0.8715,0.0,201.46627565982405
1748842754.502658,0,-0.8715,0.0,201.46627565982405
1748842754.5114818,0,-0.8715,0.0,201.46627565982405
1748842754.5225728,0,-0.8715,0.0,201.46627565982405
1748842754.5317795,0,-0.8715,0.0,201.46627565982405
1748842754.542232,0,-0.8715,0.0,201.46627565982405
1748842754.5523536,0,-0.8715,0.0,201.46627565982405
1748842754.5616674,0,-0.8715,0.0,201.46627565982405
1748842754.5719807,0,-0.8715,0.0,201.46627565982405
1748842754.5820615,0,-0.8715,0.0,201.46627565982405
1748842754.5916471,0,-0.8715,0.0,201.46627565982405
1748842754.6027775,0,-0.8715,0.0,201.46627565982405
1748842754.6128087,0,-0.8715,0.0,201.46627565982405
1748842754.622085,0,-0.8715,0.0,201.46627565982405
1748842754.6331182,0,-0.8715,0.0,201.46627565982405
1748842754.6424801,0,-0.8715,0.0,201.46627565982405
1748842754.6520405,0,-0.8715,0.0,201.46627565982405
1748842754.6630414,0,-0.8715,0.0,201.46627565982405
1748842754.6725655,0,-0.8715,0.0,201.46627565982405
1748842754.6818178,0,-0.8715,0.0,201.46627565982405
1748842754.6919904,0,-0.8715,0.0,201.46627565982405
1748842754.7024162,0,-0.8715,0.0,201.46627565982405
1748842754.711584,0,-0.8715,0.0,201.46627565982405
1748842754.7214646,0,-0.8715,0.0,201.46627565982405
1748842754.7319012,0,-0.8715,0.0,201.46627565982405
1748842754.7420776,0,-0.8715,0.0,201.46627565982405
1748842754.7520125,0,-0.8715,0.0,201.46627565982405
1748842754.7620142,0,-0.8715,0.0,201.46627565982405
1748842754.7731564,0,-0.8715,0.0,201.46627565982405
1748842754.782193,0,-0.8715,0.0,201.46627565982405
1748842754.7921493,0,-0.8715,0.0,201.46627565982405
1748842754.802399,0,-0.8715,0.0,201.46627565982405
1748842754.904432,0,-0.8715,0.0,201.46627565982405
1748842754.911545,0,-0.8715,0.0,201.46627565982405
1748842754.921539,0,-0.8715,0.0,201.46627565982405
1748842754.9325094,0,-0.8715,0.0,201.46627565982405
1748842754.9415362,0,-0.8715,0.0,201.46627565982405
1748842754.9525392,0,-0.8715,0.0,201.46627565982405
1748842754.961639,0,-0.8715,0.0,201.46627565982405
1748842754.971608,0,-0.8715,0.0,201.46627565982405
1748842754.9824014,0,-0.8715,0.0,201.46627565982405
1748842754.9915607,0,-0.8715,0.0,201.46627565982405
1748842755.0024307,0,-0.8715,0.0,201.46627565982405
1748842755.0122643,0,-0.8715,0.0,201.46627565982405
1748842755.022274,0,-0.8715,0.0,201.46627565982405
1748842755.0316794,0,-0.8715,0.0,201.46627565982405
1748842755.0420818,0,-0.8715,0.0,201.46627565982405
1748842755.0525532,0,-0.8715,0.0,201.46627565982405
1748842755.061987,0,-0.8715,0.0,201.46627565982405
1748842755.0720572,0,-0.8715,0.0,201.46627565982405
1748842755.0816247,0,-0.8715,0.0,201.46627565982405
1748842755.0916188,0,-0.8715,0.0,201.46627565982405
1748842755.1025255,0,-0.8715,0.0,201.46627565982405
1748842755.11173,0,-0.8715,0.0,201.46627565982405
1748842755.1218367,0,-0.8715,0.0,201.46627565982405
1748842755.131507,0,-0.8715,0.0,201.46627565982405
1748842755.1416473,0,-0.8715,0.0,201.46627565982405
1748842755.1522205,0,-0.8715,0.0,201.46627565982405
1748842755.162777,0,-0.8715,0.0,201.46627565982405
1748842755.1719346,0,-0.8715,0.0,201.46627565982405
1748842755.1820042,0,-0.8715,0.0,201.46627565982405
1748842755.1916215,0,-0.8715,0.0,201.46627565982405
1748842755.2016547,0,-0.8715,0.0,201.46627565982405
1748842755.2116685,0,-0.8715,0.0,201.46627565982405
1748842755.2216506,0,-0.8715,0.0,201.46627565982405
1748842755.231628,0,-0.8715,0.0,201.46627565982405
1748842755.2417636,0,-0.8715,0.0,201.46627565982405
1748842755.252058,0,-0.8715,0.0,201.46627565982405
1748842755.261699,0,-0.8715,0.0,201.46627565982405
1748842755.2717247,0,-0.8715,0.0,201.46627565982405
1748842755.2817204,0,-0.8715,0.0,201.46627565982405
1748842755.2926304,0,-0.8715,0.0,201.46627565982405
1748842755.3017988,0,-0.8715,0.0,201.46627565982405
1748842755.3126578,0,-0.8715,0.0,201.46627565982405
1748842755.3218832,0,-0.8715,0.0,201.46627565982405
1748842755.3327532,0,-0.8715,0.0,201.46627565982405
1748842755.3426304,0,-0.8715,0.0,201.46627565982405
1748842755.351766,0,-0.8715,0.0,201.46627565982405
1748842755.3627431,0,-0.8715,0.0,201.46627565982405
1748842755.3719103,0,-0.8715,0.0,201.46627565982405
1748842755.3820858,0,-0.8715,0.0,201.46627565982405
1748842755.3915474,0,-0.8715,0.0,201.46627565982405
1748842755.4024162,0,-0.8715,0.0,201.46627565982405
1748842755.411643,0,-0.8715,0.0,201.46627565982405
1748842755.4219074,0,-0.8715,0.0,201.46627565982405
1748842755.4320517,0,-0.8715,0.0,201.46627565982405
1748842755.4423797,0,-0.8715,0.0,201.46627565982405
1748842755.4524772,0,-0.8715,0.0,201.46627565982405
1748842755.461779,0,-0.8715,0.0,201.46627565982405
1748842755.472481,0,-0.8715,0.0,201.46627565982405
1748842755.4819765,0,-0.8715,0.0,201.46627565982405
1748842755.4915025,0,-0.8715,0.0,201.46627565982405
1748842755.5016494,0,-0.8715,0.0,201.46627565982405
1748842755.5118318,0,-0.8715,0.0,201.46627565982405
1748842755.522027,0,-0.8715,0.0,201.46627565982405
1748842755.5320945,0,-0.8715,0.0,201.46627565982405
1748842755.5421164,0,-0.8715,0.0,201.46627565982405
1748842755.552693,0,-0.8715,0.0,201.46627565982405
1748842755.5622892,0,-0.8715,0.0,201.46627565982405
1748842755.5724156,0,-0.8715,0.0,201.46627565982405
1748842755.5817502,0,-0.8715,0.0,201.46627565982405
1748842755.5917156,0,-0.8715,0.0,201.46627565982405
1748842755.601717,0,-0.8715,0.0,201.46627565982405
1748842755.611886,0,-0.8715,0.0,201.46627565982405
1748842755.622022,0,-0.8715,0.0,201.46627565982405
1748842755.6316316,0,-0.8715,0.0,201.46627565982405
1748842755.6419818,0,-0.8715,0.0,201.46627565982405
1748842755.6518807,0,-0.8715,0.0,201.46627565982405
1748842755.6620078,0,-0.8715,0.0,201.46627565982405
1748842755.6729665,0,-0.8715,0.0,201.46627565982405
1748842755.682963,0,-0.8715,0.0,201.46627565982405
1748842755.6916363,0,-0.8715,0.0,201.46627565982405
1748842755.7018006,0,-0.8715,0.0,201.46627565982405
1748842755.7119334,0,-0.8715,0.0,201.46627565982405
1748842755.7225275,0,-0.8715,0.0,201.46627565982405
1748842755.7316165,0,-0.8715,0.0,201.46627565982405
1748842755.7415776,0,-0.8715,0.0,201.46627565982405
1748842755.7516122,0,-0.8715,0.0,201.46627565982405
1748842755.7616177,0,-0.8715,0.0,201.46627565982405
1748842755.7715776,0,-0.8715,0.0,201.46627565982405
1748842755.7817907,0,-0.8715,0.0,201.46627565982405
1748842755.7916915,0,-0.8715,0.0,201.46627565982405
1748842755.8016856,0,-0.8715,0.0,201.46627565982405
1748842755.953078,0,-0.8715,0.0,201.46627565982405
1748842755.9621885,0,-0.8715,0.0,201.46627565982405
1748842755.9721887,0,-0.8715,0.0,201.46627565982405
1748842755.9820795,0,-0.8715,0.0,201.46627565982405
1748842755.9921784,0,-0.8715,0.0,201.46627565982405
1748842756.0021763,0,-0.8715,0.0,201.46627565982405
1748842756.011778,0,-0.8715,0.0,201.46627565982405
1748842756.0221865,0,-0.8715,0.0,201.46627565982405
1748842756.031621,0,-0.8715,0.0,201.46627565982405
1748842756.0421333,0,-0.8715,0.0,201.46627565982405
1748842756.0516512,0,-0.8715,0.0,201.46627565982405
1748842756.0616536,0,-0.8715,0.0,201.46627565982405
1748842756.072085,0,-0.8715,0.0,201.46627565982405
1748842756.0820775,0,-0.8715,0.0,201.46627565982405
1748842756.092103,0,-0.8715,0.0,201.46627565982405
1748842756.1020963,0,-0.8715,0.0,201.46627565982405
1748842756.1123345,0,-0.8715,0.0,201.46627565982405
1748842756.1223338,0,-0.8715,0.0,201.46627565982405
1748842756.131531,0,-0.8715,0.0,201.46627565982405
1748842756.141529,0,-0.8715,0.0,201.46627565982405
1748842756.1515367,0,-0.8715,0.0,201.46627565982405
1748842756.1616223,0,-0.8715,0.0,201.46627565982405
1748842756.1717763,0,-0.8715,0.0,201.46627565982405
1748842756.1827824,0,-0.8715,0.0,201.46627565982405
1748842756.1918087,0,-0.8715,0.0,201.46627565982405
1748842756.2018032,0,-0.8715,0.0,201.46627565982405
1748842756.2119474,0,-0.8715,0.0,201.46627565982405
1748842756.2219832,0,-0.8715,0.0,201.46627565982405
1748842756.232178,0,-0.8715,0.0,201.46627565982405
1748842756.2415438,0,-0.8715,0.0,201.46627565982405
1748842756.2520776,0,-0.8715,0.0,201.46627565982405
1748842756.2616704,0,-0.8715,0.0,201.46627565982405
1748842756.272058,0,-0.8715,0.0,201.46627565982405
1748842756.282118,0,-0.8715,0.0,201.46627565982405
1748842756.291869,0,-0.8715,0.0,201.46627565982405
1748842756.30212,0,-0.8715,0.0,201.46627565982405
1748842756.3124335,0,-0.8715,0.0,201.46627565982405
1748842756.3221433,0,-0.8715,0.0,201.46627565982405
1748842756.3316772,0,-0.8715,0.0,201.46627565982405
1748842756.3425398,0,-0.8715,0.0,201.46627565982405
1748842756.351726,0,-0.8715,0.0,201.46627565982405
1748842756.3616798,0,-0.8715,0.0,201.46627565982405
1748842756.3717234,0,-0.8715,0.0,201.46627565982405
1748842756.3818932,0,-0.8715,0.0,201.46627565982405
1748842756.3916519,0,-0.8715,0.0,201.46627565982405
1748842756.4016845,0,-0.8715,0.0,201.46627565982405
1748842756.4115417,0,-0.8715,0.0,201.46627565982405
1748842756.4219458,0,-0.8715,0.0,201.46627565982405
1748842756.4318402,0,-0.8715,0.0,201.46627565982405
1748842756.4420063,0,-0.8715,0.0,201.46627565982405
1748842756.4522135,0,-0.8715,0.0,201.46627565982405
1748842756.4615552,0,-0.8715,0.0,201.46627565982405
1748842756.4720838,0,-0.8715,0.0,201.46627565982405
1748842756.4822514,0,-0.8715,0.0,201.46627565982405
1748842756.4916224,0,-0.8715,0.0,201.46627565982405
1748842756.5023828,0,-0.8715,0.0,201.46627565982405
1748842756.5115519,0,-0.8715,0.0,201.46627565982405
1748842756.5224237,0,-0.8715,0.0,201.46627565982405
1748842756.5315874,0,-0.8715,0.0,201.46627565982405
1748842756.541665,0,-0.8715,0.0,201.46627565982405
1748842756.5523999,0,-0.8715,0.0,201.46627565982405
1748842756.5616062,0,-0.8715,0.0,201.46627565982405
1748842756.5716813,0,-0.8715,0.0,201.46627565982405
1748842756.5815918,0,-0.8715,0.0,201.46627565982405
1748842756.5917096,0,-0.8715,0.0,201.46627565982405
1748842756.6017046,0,-0.8715,0.0,201.46627565982405
1748842756.6116893,0,-0.8715,0.0,201.46627565982405
1748842756.6221216,0,-0.8715,0.0,201.46627565982405
1748842756.6321218,0,-0.8715,0.0,201.46627565982405
1748842756.6427307,0,-0.8715,0.0,201.46627565982405
1748842756.6531386,0,-0.8715,0.0,201.46627565982405
1748842756.6631346,0,-0.8715,0.0,201.46627565982405
1748842756.6716716,0,-0.8715,0.0,201.46627565982405
1748842756.6819234,0,-0.8715,0.0,201.46627565982405
1748842756.6916442,0,-0.8715,0.0,201.46627565982405
1748842756.7031138,0,-0.8715,0.0,201.46627565982405
1748842756.712258,0,-0.8715,0.0,201.46627565982405
1748842756.7244956,0,-0.8715,0.0,201.46627565982405
1748842756.7435215,0,-0.8715,0.0,201.46627565982405
1748842756.7737727,0,-0.8715,0.0,201.46627565982405
1748842756.793285,0,-0.8715,0.0,201.46627565982405
1748842756.8987737,0,-0.8715,0.0,201.46627565982405
1748842756.918247,0,-0.8715,0.0,201.46627565982405
1748842756.935389,0,-0.8715,0.0,201.46627565982405
1748842756.967269,0,-0.8715,0.0,201.46627565982405
1748842756.984326,0,-0.8715,0.0,201.46627565982405
1748842757.0011876,0,-0.8715,0.0,201.46627565982405
1748842757.017701,0,-0.8715,0.0,201.46627565982405
1748842757.034699,0,-0.8715,0.0,201.46627565982405
1748842757.052225,0,-0.8715,0.0,201.46627565982405
1748842757.068826,0,-0.8715,0.0,201.46627565982405
1748842757.1023,0,-0.8715,0.0,201.46627565982405
1748842757.1189237,0,-0.8715,0.0,201.46627565982405
1748842757.1353815,0,-0.8715,0.0,201.46627565982405
1748842757.1687663,0,-0.8715,0.0,201.46627565982405
1748842757.1848617,0,-0.8715,0.0,201.46627565982405
1748842757.2018404,0,-0.8715,0.0,201.46627565982405
1748842757.218959,0,-0.8715,0.0,201.46627565982405
1748842757.2359114,0,-0.8715,0.0,201.46627565982405
1748842757.252946,0,-0.8715,0.0,201.46627565982405
1748842757.2697802,0,-0.8715,0.0,201.46627565982405
1748842757.2868118,0,-0.8715,0.0,201.46627565982405
1748842757.3034618,0,-0.8715,0.0,201.46627565982405
1748842757.3214412,0,-0.8715,0.0,201.46627565982405
1748842757.3514493,0,-0.8715,0.0,201.46627565982405
1748842757.3848386,0,-0.8715,0.0,201.46627565982405
1748842757.4031029,0,-0.8715,0.0,201.46627565982405
1748842757.4206102,0,-0.8715,0.0,201.46627565982405
1748842757.4397292,0,-0.8715,0.0,201.46627565982405
1748842757.4517283,0,-0.8715,0.0,201.46627565982405
1748842757.468875,0,-0.8715,0.0,201.46627565982405
1748842757.486638,0,-0.8715,0.0,201.46627565982405
1748842757.504643,0,-0.8715,0.0,201.46627565982405
1748842757.5368438,0,-0.8715,0.0,201.46627565982405
1748842757.552231,0,-0.8715,0.0,201.46627565982405
1748842757.584829,0,-0.8715,0.0,201.46627565982405
1748842757.6014657,0,-0.8715,0.0,201.46627565982405
1748842757.6175501,0,-0.8715,0.0,201.46627565982405
1748842757.6336112,0,-0.8715,0.0,201.46627565982405
1748842757.6500297,0,-0.8715,0.0,201.46627565982405
1748842757.6660006,0,-0.8715,0.0,201.46627565982405
1748842757.6825144,0,-0.8715,0.0,201.46627565982405
1748842757.6989071,0,-0.8715,0.0,201.46627565982405
1748842757.7159393,0,-0.8715,0.0,201.46627565982405
1748842757.7321203,0,-0.8715,0.0,201.46627565982405
1748842757.748672,0,-0.8715,0.0,201.46627565982405
1748842757.7817261,0,-0.8715,0.0,201.46627565982405
1748842757.798579,0,-0.8715,0.0,201.46627565982405
1748842757.9477737,0,-0.8715,0.0,201.46627565982405
1748842757.9677432,0,-0.8715,0.0,201.46627565982405
1748842757.9847763,0,-0.8715,0.0,201.46627565982405
1748842758.0004077,0,-0.8715,0.0,201.46627565982405
1748842758.016072,0,-0.8715,0.0,201.46627565982405
1748842758.0326662,0,-0.8715,0.0,201.46627565982405
1748842758.048022,0,-0.8715,0.0,201.46627565982405
1748842758.06488,0,-0.8715,0.0,201.46627565982405
1748842758.082374,0,-0.8715,0.0,201.46627565982405
1748842758.0987356,0,-0.8715,0.0,201.46627565982405
1748842758.1155891,0,-0.8715,0.0,201.46627565982405
1748842758.1310716,0,-0.8715,0.0,201.46627565982405
1748842758.1478848,0,-0.8715,0.0,201.46627565982405
1748842758.164083,0,-0.8715,0.0,201.46627565982405
1748842758.1983101,0,-0.8715,0.0,201.46627565982405
1748842758.2147443,0,-0.8715,0.0,201.46627565982405
1748842758.2320118,0,-0.8715,0.0,201.46627565982405
1748842758.2494016,0,-0.8715,0.0,201.46627565982405
1748842758.2657492,0,-0.8715,0.0,201.46627565982405
1748842758.2823753,0,-0.8715,0.0,201.46627565982405
1748842758.299388,0,-0.8715,0.0,201.46627565982405
1748842758.316251,0,-0.8715,0.0,201.46627565982405
1748842758.3326056,0,-0.8715,0.0,201.46627565982405
1748842758.3488953,0,-0.8715,0.0,201.46627565982405
1748842758.366205,0,-0.8715,0.0,201.46627565982405
1748842758.3990724,0,-0.8715,0.0,201.46627565982405
1748842758.4150393,0,-0.8715,0.0,201.46627565982405
1748842758.4315817,0,-0.8715,0.0,201.46627565982405
1748842758.4478245,0,-0.8715,0.0,201.46627565982405
1748842758.4644625,0,-0.8715,0.0,201.46627565982405
1748842758.4815023,0,-0.8715,0.0,201.46627565982405
1748842758.4983473,0,-0.8715,0.0,201.46627565982405
1748842758.5153477,0,-0.8715,0.0,201.46627565982405
1748842758.5318587,0,-0.8715,0.0,201.46627565982405
1748842758.5487099,0,-0.8715,0.0,201.46627565982405
1748842758.5650003,0,-0.8715,0.0,201.46627565982405
1748842758.5979607,0,-0.8715,0.0,201.46627565982405
1748842758.6155343,0,-0.8715,0.0,201.46627565982405
1748842758.6314795,0,-0.8715,0.0,201.46627565982405
1748842758.6476204,0,-0.8715,0.0,201.46627565982405
1748842758.6635041,0,-0.8715,0.0,201.46627565982405
1748842758.679678,0,-0.8715,0.0,201.46627565982405
1748842758.696066,0,-0.8715,0.0,201.46627565982405
1748842758.712667,0,-0.8715,0.0,201.46627565982405
1748842758.7290926,0,-0.8715,0.0,201.46627565982405
1748842758.7461722,0,-0.8715,0.0,201.46627565982405
1748842758.7630773,0,-0.8715,0.0,201.46627565982405
1748842758.7963772,0,-0.8715,0.0,201.46627565982405
1748842758.9426484,0,-0.8715,0.0,201.46627565982405
1748842758.9608352,0,-0.8715,0.0,201.46627565982405
1748842758.9773421,0,-0.8715,0.0,201.46627565982405
1748842759.0274599,0,-0.8715,0.0,201.46627565982405
1748842759.044428,0,-0.8715,0.0,201.46627565982405
1748842759.060249,0,-0.8715,0.0,201.46627565982405
1748842759.0769362,0,-0.8715,0.0,201.46627565982405
1748842759.0941164,0,-0.8715,0.0,201.46627565982405
1748842759.1108122,0,-0.8715,0.0,201.46627565982405
1748842759.1270416,0,-0.8715,0.0,201.46627565982405
1748842759.1442392,0,-0.8715,0.0,201.46627565982405
1748842759.160297,0,-0.8715,0.0,201.46627565982405
1748842759.1768491,0,-0.8715,0.0,201.46627565982405
1748842759.2104273,0,-0.8715,0.0,201.46627565982405
1748842759.2278647,0,-0.8715,0.0,201.46627565982405
1748842759.2438195,0,-0.8715,0.0,201.46627565982405
1748842759.2610588,0,-0.8715,0.0,201.46627565982405
1748842759.2781765,0,-0.8715,0.0,201.46627565982405
1748842759.2954264,0,-0.8715,0.0,201.46627565982405
1748842759.3114321,0,-0.8715,0.0,201.46627565982405
1748842759.3284292,0,-0.8715,0.0,201.46627565982405
1748842759.3449323,0,-0.8715,0.0,201.46627565982405
1748842759.3622112,0,-0.8715,0.0,201.46627565982405
1748842759.3787963,0,-0.8715,0.0,201.46627565982405
1748842759.4115548,0,-0.8715,0.0,201.46627565982405
1748842759.426951,0,-0.8715,0.0,201.46627565982405
1748842759.4438744,0,-0.8715,0.0,201.46627565982405
1748842759.4604318,0,-0.8715,0.0,201.46627565982405
1748842759.476755,0,-0.8715,0.0,201.46627565982405
1748842759.4930217,0,-0.8715,0.0,201.46627565982405
1748842759.5094724,0,-0.8715,0.0,201.46627565982405
1748842759.5260592,0,-0.8715,0.0,201.46627565982405
1748842759.5428603,0,-0.8715,0.0,201.46627565982405
1748842759.5593853,0,-0.8715,0.0,201.46627565982405
1748842759.5757413,0,-0.8715,0.0,201.46627565982405
1748842759.6083307,0,-0.8715,0.0,201.46627565982405
1748842759.6248677,0,-0.8715,0.0,201.46627565982405
1748842759.642379,0,-0.8715,0.0,201.46627565982405
1748842759.6594043,0,-0.8715,0.0,201.46627565982405
1748842759.6754875,0,-0.8715,0.0,201.46627565982405
1748842759.6922252,0,-0.8715,0.0,201.46627565982405
1748842759.7083364,0,-0.8715,0.0,201.46627565982405
1748842759.7244074,0,-0.8715,0.0,201.46627565982405
1748842759.740749,0,-0.8715,0.0,201.46627565982405
1748842759.7565484,0,-0.8715,0.0,201.46627565982405
1748842759.7729106,0,-0.8715,0.0,201.46627565982405
1748842759.7899067,0,-0.8715,0.0,201.46627565982405
1748842759.9274223,0,-0.8715,0.0,201.46627565982405
1748842759.945657,0,-0.8715,0.0,201.46627565982405
1748842759.961143,0,-0.8715,0.0,201.46627565982405
1748842759.978326,0,-0.8715,0.0,201.46627565982405
1748842760.0120928,0,-0.8715,0.0,201.46627565982405
1748842760.0293622,0,-0.8715,0.0,201.46627565982405
1748842760.045614,0,-0.8715,0.0,201.46627565982405
1748842760.061621,0,-0.8715,0.0,201.46627565982405
1748842760.0780478,0,-0.8715,0.0,201.46627565982405
1748842760.0941174,0,-0.8715,0.0,201.46627565982405
1748842760.110671,0,-0.8715,0.0,201.46627565982405
1748842760.1269927,0,-0.8715,0.0,201.46627565982405
1748842760.1436086,0,-0.8715,0.0,201.46627565982405
1748842760.1597812,0,-0.8715,0.0,201.46627565982405
1748842760.1768622,0,-0.8715,0.0,201.46627565982405
1748842760.1931753,0,-0.8715,0.0,201.46627565982405
1748842760.2259746,0,-0.8715,0.0,201.46627565982405
1748842760.242826,0,-0.8715,0.0,201.46627565982405
1748842760.2599852,0,-0.8715,0.0,201.46627565982405
1748842760.2773006,0,-0.8715,0.0,201.46627565982405
1748842760.2937882,0,-0.8715,0.0,201.46627565982405
1748842760.3109212,0,-0.8715,0.0,201.46627565982405
1748842760.3274846,0,-0.8715,0.0,201.46627565982405
1748842760.3437142,0,-0.8715,0.0,201.46627565982405
1748842760.359215,0,-0.8715,0.0,201.46627565982405
1748842760.3762906,0,-0.8715,0.0,201.46627565982405
1748842760.3926778,0,-0.8715,0.0,201.46627565982405
1748842760.424815,0,-0.8715,0.0,201.46627565982405
1748842760.4415255,0,-0.8715,0.0,201.46627565982405
1748842760.457884,0,-0.8715,0.0,201.46627565982405
1748842760.4749312,0,-0.8715,0.0,201.46627565982405
1748842760.4916437,0,-0.8715,0.0,201.46627565982405
1748842760.5078194,0,-0.8715,0.0,201.46627565982405
1748842760.5241284,0,-0.8715,0.0,201.75953079178885
1748842760.5413637,0,-0.8715,0.0,201.75953079178885
1748842760.5422323,0,-0.8715,0.0,201.75953079178885
1748842760.5578315,0,-0.8715,0.0,201.75953079178885
1748842760.574308,0,-0.8715,0.0,201.75953079178885
1748842760.5905757,0,-0.8715,0.0,201.75953079178885
1748842760.6227968,0,-0.8715,0.0,201.75953079178885
1748842760.639317,0,-0.8715,0.0,201.75953079178885
1748842760.6562574,0,-0.8715,0.0,201.75953079178885
1748842760.6731133,0,-0.8715,0.0,201.75953079178885
1748842760.6893346,0,-0.8715,0.0,201.75953079178885
1748842760.7050903,0,-0.8715,0.0,201.75953079178885
1748842760.7216856,0,-0.8715,0.0,202.05278592375367
1748842760.7373037,0,-0.8715,0.0,202.05278592375367
1748842760.7540987,0,-0.8715,0.0,202.05278592375367
1748842760.770466,0,-0.8715,0.0,202.05278592375367
1748842760.7868235,0,-0.8715,0.0,202.05278592375367
1748842760.8037362,0,-0.8715,0.0,202.05278592375367
1748842760.9218643,0,-0.8715,0.0,202.63929618768327
1748842760.9402218,0,-0.8715,0.0,202.63929618768327
1748842760.95666,0,-0.8715,0.0,202.63929618768327
1748842760.9725156,0,-0.8715,0.0,202.63929618768327
1748842760.988411,0,-0.8715,0.0,202.63929618768327
1748842761.0048087,0,-0.8715,0.0,202.63929618768327
1748842761.0374815,0,-0.8715,0.0,202.63929618768327
1748842761.053534,0,-0.8715,0.0,202.63929618768327
1748842761.069754,0,-0.8715,0.0,202.63929618768327
1748842761.0850425,0,-0.8715,0.0,202.63929618768327
1748842761.1018176,0,-0.8715,0.0,202.63929618768327
1748842761.1191423,0,-0.8715,0.0,202.63929618768327
1748842761.136125,0,-0.8715,0.0,202.63929618768327
1748842761.152559,0,-0.8715,0.0,202.63929618768327
1748842761.1688325,0,-0.8715,0.0,202.63929618768327
1748842761.1862948,0,-0.8715,0.0,202.63929618768327
1748842761.2033014,0,-0.8715,0.0,202.63929618768327
1748842761.2369158,0,-0.8715,0.0,202.63929618768327
1748842761.254032,0,-0.8715,0.0,202.63929618768327
1748842761.2710257,0,-0.8715,0.0,202.63929618768327
1748842761.2883964,0,-0.8715,0.0,202.63929618768327
1748842761.3046265,0,-0.8715,0.0,202.63929618768327
1748842761.3213158,0,-0.8715,0.0,202.9325513196481
1748842761.338415,0,-0.8715,0.0,202.9325513196481
1748842761.35538,0,-0.8715,0.0,202.9325513196481
1748842761.3709092,0,-0.8715,0.0,202.9325513196481
1748842761.387463,0,-0.8715,0.0,202.9325513196481
1748842761.4035366,0,-0.8715,0.0,202.9325513196481
1748842761.4349911,0,-0.8715,0.0,202.63929618768327
1748842761.4525554,0,-0.8715,0.0,202.63929618768327
1748842761.4690464,0,-0.8715,0.0,202.63929618768327
1748842761.4852,0,-0.8715,0.0,202.63929618768327
1748842761.502605,0,-0.8715,0.0,202.63929618768327
1748842761.5185,0,-0.8715,0.0,202.63929618768327
1748842761.5345159,0,-0.8715,0.0,202.63929618768327
1748842761.550084,0,-0.8715,0.0,202.63929618768327
1748842761.566672,0,-0.8715,0.0,202.63929618768327
1748842761.5832214,0,-0.8715,0.0,202.63929618768327
1748842761.6005244,0,-0.8715,0.0,202.63929618768327
1748842761.616128,0,-0.8715,0.0,202.63929618768327
1748842761.649434,0,-0.8715,0.0,202.63929618768327
1748842761.6661098,0,-0.8715,0.0,202.63929618768327
1748842761.683615,0,-0.8715,0.0,202.63929618768327
1748842761.6998043,0,-0.8715,0.0,202.63929618768327
1748842761.7165127,0,-0.8715,0.0,202.63929618768327
1748842761.7329097,0,-0.8715,0.0,202.34604105571847
1748842761.750405,0,-0.8715,0.0,202.34604105571847
1748842761.7668152,0,-0.8715,0.0,202.34604105571847
1748842761.783872,0,-0.8715,0.0,202.34604105571847
1748842761.8004587,0,-0.8715,0.0,202.34604105571847
1748842761.930219,0,-0.8715,0.0,202.34604105571847
1748842761.932213,0,-0.8715,0.0,202.34604105571847
1748842761.9492307,0,-0.8715,0.0,202.34604105571847
1748842761.9654493,0,-0.8715,0.0,202.34604105571847
1748842761.9819024,0,-0.8715,0.0,202.34604105571847
1748842761.9982953,0,-0.8715,0.0,202.34604105571847
1748842762.0153077,0,-0.8715,0.0,202.34604105571847
1748842762.0476758,0,-0.8715,0.0,202.34604105571847
1748842762.0637825,0,-0.8715,0.0,202.34604105571847
1748842762.0801642,0,-0.8715,0.0,202.34604105571847
1748842762.0970206,0,-0.8715,0.0,202.34604105571847
1748842762.1137471,0,-0.8715,0.0,202.34604105571847
1748842762.1299896,0,-0.8715,0.0,202.34604105571847
1748842762.1467288,0,-0.8715,0.0,202.34604105571847
1748842762.164348,0,-0.8715,0.0,202.34604105571847
1748842762.1802795,0,-0.8715,0.0,202.34604105571847
1748842762.196874,0,-0.8715,0.0,202.34604105571847
1748842762.2139647,0,-0.8715,0.0,202.34604105571847
1748842762.2481227,0,-0.8715,0.0,202.34604105571847
1748842762.2649074,0,-0.8715,0.0,202.34604105571847
1748842762.281571,0,-0.8715,0.0,202.34604105571847
1748842762.2971635,0,-0.8715,0.0,202.34604105571847
1748842762.3141954,0,-0.8715,0.0,202.34604105571847
1748842762.330824,0,-0.8715,0.0,202.63929618768327
1748842762.3472042,0,-0.8715,0.0,202.63929618768327
1748842762.3636305,0,-0.8715,0.0,202.63929618768327
1748842762.3796911,0,-0.8715,0.0,202.63929618768327
1748842762.3959255,0,-0.8715,0.0,202.63929618768327
1748842762.4131413,0,-0.8715,0.0,202.63929618768327
1748842762.4292457,0,-0.8715,0.0,202.63929618768327
1748842762.4625652,0,-0.8715,0.0,202.34604105571847
1748842762.4789076,0,-0.8715,0.0,202.34604105571847
1748842762.4947052,0,-0.8715,0.0,202.34604105571847
1748842762.5114193,0,-0.8715,0.0,202.34604105571847
1748842762.5286522,0,-0.8715,0.0,202.34604105571847
1748842762.544703,0,-0.8715,0.0,202.34604105571847
1748842762.560647,0,-0.8715,0.0,202.34604105571847
1748842762.5766728,0,-0.8715,0.0,202.34604105571847
1748842762.592796,0,-0.8715,0.0,202.34604105571847
1748842762.610205,0,-0.8715,0.0,202.34604105571847
1748842762.6273916,0,-0.8715,0.0,202.34604105571847
1748842762.6608815,0,-0.8715,0.0,202.34604105571847
1748842762.6772327,0,-0.8715,0.0,202.34604105571847
1748842762.6943777,0,-0.8715,0.0,202.34604105571847
1748842762.7101445,0,-0.8715,0.0,202.34604105571847
1748842762.7266018,0,-0.8715,0.0,202.34604105571847
1748842762.7428389,0,-0.8715,0.0,202.34604105571847
1748842762.7600114,0,-0.8715,0.0,202.34604105571847
1748842762.7768385,0,-0.8715,0.0,202.34604105571847
1748842762.7931666,0,-0.8715,0.0,202.34604105571847
1748842762.8100698,0,-0.8715,0.0,202.34604105571847
1748842762.938165,0,-0.8715,0.0,202.63929618768327
1748842762.957315,0,-0.8715,0.0,202.63929618768327
1748842762.9737763,0,-0.8715,0.0,202.63929618768327
1748842762.9910066,0,-0.8715,0.0,202.63929618768327
1748842763.007179,0,-0.8715,0.0,202.63929618768327
1748842763.02347,0,-0.8715,0.0,202.63929618768327
1748842763.039978,0,-0.8715,0.0,202.63929618768327
1748842763.089317,0,-0.8715,0.0,202.63929618768327
1748842763.1061733,0,-0.8715,0.0,202.63929618768327
1748842763.1235387,0,-0.8715,0.0,202.63929618768327
1748842763.139526,0,-0.8715,0.0,202.63929618768327
1748842763.1555343,0,-0.8715,0.0,202.63929618768327
1748842763.1728299,0,-0.8715,0.0,202.63929618768327
1748842763.1891694,0,-0.8715,0.0,202.63929618768327
1748842763.2057471,0,-0.8715,0.0,202.63929618768327
1748842763.2227328,0,-0.8715,0.0,202.63929618768327
1748842763.2387412,0,-0.8715,0.0,202.34604105571847
1748842763.271777,0,-0.8715,0.0,202.34604105571847
1748842763.288784,0,-0.8715,0.0,202.34604105571847
1748842763.3057394,0,-0.8715,0.0,202.34604105571847
1748842763.3220205,0,-0.8715,0.0,202.34604105571847
1748842763.3392503,0,-0.8715,0.0,202.34604105571847
1748842763.356239,0,-0.8715,0.0,202.34604105571847
1748842763.3723211,0,-0.8715,0.0,202.34604105571847
1748842763.3887255,0,-0.8715,0.0,202.34604105571847
1748842763.4055755,0,-0.8715,0.0,202.34604105571847
1748842763.421932,0,-0.8715,0.0,202.34604105571847
1748842763.4390628,0,-0.8715,0.0,202.63929618768327
1748842763.4721088,0,-0.8715,0.0,202.63929618768327
1748842763.488798,0,-0.8715,0.0,202.63929618768327
1748842763.5051534,0,-0.8715,0.0,202.63929618768327
1748842763.522052,0,-0.8715,0.0,202.63929618768327
1748842763.5384831,0,-0.8715,0.0,202.34604105571847
1748842763.554366,0,-0.8715,0.0,202.34604105571847
1748842763.5714316,0,-0.8715,0.0,202.34604105571847
1748842763.5868418,0,-0.8715,0.0,202.34604105571847
1748842763.6038847,0,-0.8715,0.0,202.34604105571847
1748842763.6208441,0,-0.8715,0.0,202.34604105571847
1748842763.637845,0,-0.8715,0.0,202.34604105571847
1748842763.671844,0,-0.8715,0.0,202.63929618768327
1748842763.6890082,0,-0.8715,0.0,202.63929618768327
1748842763.7060099,0,-0.8715,0.0,202.63929618768327
1748842763.7226746,0,-0.8715,0.0,202.63929618768327
1748842763.7386427,0,-0.8715,0.0,202.34604105571847
1748842763.7545145,0,-0.8715,0.0,202.34604105571847
1748842763.7705097,0,-0.8715,0.0,202.34604105571847
1748842763.7864635,0,-0.8715,0.0,202.34604105571847
1748842763.8024757,0,-0.8715,0.0,202.34604105571847
1748842763.9204626,0,-0.8715,0.0,202.63929618768327
1748842763.922463,0,-0.8715,0.0,202.63929618768327
1748842763.9394944,0,-0.8715,0.0,202.34604105571847
1748842763.956459,0,-0.8715,0.0,202.34604105571847
1748842763.9729726,0,-0.8715,0.0,202.34604105571847
1748842763.9900086,0,-0.8715,0.0,202.34604105571847
1748842764.0069697,0,-0.8715,0.0,202.34604105571847
1748842764.0230076,0,-0.8715,0.0,202.34604105571847
1748842764.0400128,0,-0.8715,0.0,202.34604105571847
1748842764.0569706,0,-0.8715,0.0,202.63929618768327
1748842764.1075711,0,-0.8715,0.0,202.63929618768327
1748842764.1245441,0,-0.8715,0.0,202.63929618768327
1748842764.1405811,0,-0.8715,0.0,202.63929618768327
1748842764.1575797,0,-0.8715,0.0,202.34604105571847
1748842764.1745796,0,-0.8715,0.0,202.34604105571847
1748842764.190887,0,-0.8715,0.0,202.34604105571847
1748842764.2078226,0,-0.8715,0.0,202.34604105571847
1748842764.225194,0,-0.8715,0.0,202.34604105571847
1748842764.24139,0,-0.8715,0.0,202.34604105571847
1748842764.2576663,0,-0.8715,0.0,202.34604105571847
1748842764.2892146,0,-0.8715,0.0,202.34604105571847
1748842764.3058481,0,-0.8715,0.0,202.34604105571847
1748842764.3239384,0,-0.8715,0.0,202.34604105571847
1748842764.3402116,0,-0.8715,0.0,202.34604105571847
1748842764.3567986,0,-0.8715,0.0,202.63929618768327
1748842764.3731096,0,-0.8715,0.0,202.63929618768327
1748842764.3895354,0,-0.8715,0.0,202.63929618768327
1748842764.4058316,0,-0.8715,0.0,202.63929618768327
1748842764.4228208,0,-0.8715,0.0,202.63929618768327
1748842764.4399197,0,-0.8715,0.0,202.63929618768327
1748842764.4567826,0,-0.8715,0.0,202.63929618768327
1748842764.489303,0,-0.8715,0.0,202.63929618768327
1748842764.506576,0,-0.8715,0.0,202.63929618768327
1748842764.5225408,0,-0.8715,0.0,202.63929618768327
1748842764.538894,0,-0.8715,0.0,202.63929618768327
1748842764.5558724,0,-0.8715,0.0,202.34604105571847
1748842764.5730321,0,-0.8715,0.0,202.34604105571847
1748842764.5896096,0,-0.8715,0.0,202.34604105571847
1748842764.6059835,0,-0.8715,0.0,202.34604105571847
1748842764.6226025,0,-0.8715,0.0,202.34604105571847
1748842764.6400898,0,-0.8715,0.0,202.34604105571847
1748842764.6571004,0,-0.8715,0.0,202.34604105571847
1748842764.6913495,0,-0.8715,0.0,202.34604105571847
1748842764.7086384,0,-0.8715,0.0,202.34604105571847
1748842764.7239668,0,-0.8715,0.0,202.34604105571847
1748842764.7412055,0,-0.8715,0.0,202.34604105571847
1748842764.7583418,0,-0.8715,0.0,202.63929618768327
1748842764.7747934,0,-0.8715,0.0,202.63929618768327
1748842764.7923253,0,-0.8715,0.0,202.63929618768327
1748842764.8086617,0,-0.8715,0.0,202.63929618768327
1748842764.9449112,0,-0.8715,0.0,202.34604105571847
1748842764.9640179,0,-0.8715,0.0,202.34604105571847
1748842764.9805136,0,-0.8715,0.0,202.34604105571847
1748842764.9962175,0,-0.8715,0.0,202.34604105571847
1748842765.0128636,0,-0.8715,0.0,202.34604105571847
1748842765.03,0,-0.8715,0.0,202.34604105571847
1748842765.0467262,0,-0.8715,0.0,202.34604105571847
1748842765.0630994,0,-0.8715,0.0,202.34604105571847
1748842765.0965335,0,-0.8715,0.0,202.34604105571847
1748842765.1128657,0,-0.8715,0.0,202.34604105571847
1748842765.1293654,0,-0.8715,0.0,202.34604105571847
1748842765.145836,0,-0.8715,0.0,202.34604105571847
1748842765.1631408,0,-0.8715,0.0,202.34604105571847
1748842765.1795664,0,-0.8715,0.0,202.34604105571847
1748842765.1950438,0,-0.8715,0.0,202.34604105571847
1748842765.211858,0,-0.8715,0.0,202.34604105571847
1748842765.2287445,0,-0.8715,0.0,202.34604105571847
1748842765.2451258,0,-0.8715,0.0,202.34604105571847
1748842765.2622085,0,-0.8715,0.0,202.34604105571847
1748842765.2789867,0,-0.8715,0.0,202.34604105571847
1748842765.2958996,0,-0.8715,0.0,202.34604105571847
1748842765.312819,0,-0.8715,0.0,202.34604105571847
1748842765.3293166,0,-0.8715,0.0,202.34604105571847
1748842765.3455784,0,-0.8715,0.0,202.34604105571847
1748842765.3619368,0,-0.8715,0.0,202.34604105571847
1748842765.3781571,0,-0.8715,0.0,202.34604105571847
1748842765.3948212,0,-0.8715,0.0,202.34604105571847
1748842765.4110703,0,-0.8715,0.0,202.34604105571847
1748842765.427951,0,-0.8715,0.0,202.34604105571847
1748842765.444167,0,-0.8715,0.0,202.34604105571847
1748842765.4611871,0,-0.8715,0.0,202.05278592375367
1748842765.478187,0,-0.8715,0.0,202.05278592375367
1748842765.5117605,0,-0.8715,0.0,202.05278592375367
1748842765.5287688,0,-0.8715,0.0,202.05278592375367
1748842765.5453527,0,-0.8715,0.0,202.05278592375367
1748842765.5623066,0,-0.8715,0.0,202.34604105571847
1748842765.5789294,0,-0.8715,0.0,202.34604105571847
1748842765.596241,0,-0.8715,0.0,202.34604105571847
1748842765.6122398,0,-0.8715,0.0,202.34604105571847
1748842765.6285212,0,-0.8715,0.0,202.34604105571847
1748842765.6446407,0,-0.8715,0.0,202.34604105571847
1748842765.6608827,0,-0.8715,0.0,202.34604105571847
1748842765.677876,0,-0.8715,0.0,202.34604105571847
1748842765.7119217,0,-0.8715,0.0,202.34604105571847
1748842765.7291338,0,-0.8715,0.0,202.34604105571847
1748842765.7456553,0,-0.8715,0.0,202.34604105571847
1748842765.7612596,0,-0.8715,0.0,202.34604105571847
1748842765.777657,0,-0.8715,0.0,202.34604105571847
1748842765.7936137,0,-0.8715,0.0,202.34604105571847
1748842765.9103436,0,-0.8715,0.0,202.34604105571847
1748842765.913342,0,-0.8715,0.0,202.34604105571847
1748842765.930431,0,-0.8715,0.0,202.34604105571847
1748842765.9464343,0,-0.8715,0.0,202.34604105571847
1748842765.9624276,0,-0.8715,0.0,202.34604105571847
1748842765.9790626,0,-0.8715,0.0,202.34604105571847
1748842765.9958155,0,-0.8715,0.0,202.34604105571847
1748842766.0123158,0,-0.8715,0.0,202.34604105571847
1748842766.0287874,0,-0.8715,0.0,202.34604105571847
1748842766.0457828,0,-0.8715,0.0,202.34604105571847
1748842766.062304,0,-0.8715,0.0,202.05278592375367
1748842766.0794137,0,-0.8715,0.0,202.05278592375367
1748842766.1128337,0,-0.8715,0.0,202.05278592375367
1748842766.1298554,0,-0.8715,0.0,202.05278592375367
1748842766.1468222,0,-0.8715,0.0,202.05278592375367
1748842766.1641824,0,-0.8715,0.0,202.34604105571847
1748842766.1807485,0,-0.8715,0.0,202.34604105571847
1748842766.196245,0,-0.8715,0.0,202.34604105571847
1748842766.213264,0,-0.8715,0.0,202.34604105571847
1748842766.2292879,0,-0.8715,0.0,202.34604105571847
1748842766.2467346,0,-0.8715,0.0,202.34604105571847
1748842766.2638445,0,-0.8715,0.0,202.34604105571847
1748842766.280433,0,-0.8715,0.0,202.34604105571847
1748842766.3137133,0,-0.8715,0.0,202.34604105571847
1748842766.3291805,0,-0.8715,0.0,202.34604105571847
1748842766.3459294,0,-0.8715,0.0,202.34604105571847
1748842766.3625438,0,-0.8715,0.0,202.34604105571847
1748842766.3787198,0,-0.8715,0.0,202.34604105571847
1748842766.3954556,0,-0.8715,0.0,202.34604105571847
1748842766.411145,0,-0.8715,0.0,202.34604105571847
1748842766.4278235,0,-0.8715,0.0,202.34604105571847
1748842766.4435968,0,-0.8715,0.0,202.34604105571847
1748842766.4596195,0,-0.8715,0.0,202.05278592375367
1748842766.4755907,0,-0.8715,0.0,202.05278592375367
1748842766.492116,0,-0.8715,0.0,202.05278592375367
1748842766.5248396,0,-0.8715,0.0,202.05278592375367
1748842766.5416355,0,-0.8715,0.0,202.05278592375367
1748842766.5576627,0,-0.8715,0.0,202.05278592375367
1748842766.5744083,0,-0.8715,0.0,202.34604105571847
1748842766.5914772,0,-0.8715,0.0,202.34604105571847
1748842766.6077752,0,-0.8715,0.0,202.34604105571847
1748842766.6240819,0,-0.8715,0.0,202.34604105571847
1748842766.6412938,0,-0.8715,0.0,202.34604105571847
1748842766.658538,0,-0.8715,0.0,202.34604105571847
1748842766.674822,0,-0.8715,0.0,202.05278592375367
1748842766.6915996,0,-0.8715,0.0,202.05278592375367
1748842766.7244675,0,-0.8715,0.0,202.05278592375367
1748842766.7407646,0,-0.8715,0.0,202.05278592375367
1748842766.7577934,0,-0.8715,0.0,202.05278592375367
1748842766.7741246,0,-0.8715,0.0,202.05278592375367
1748842766.7905197,0,-0.8715,0.0,202.05278592375367
1748842766.8068566,0,-0.8715,0.0,202.05278592375367
1748842766.936054,0,-0.8715,0.0,202.05278592375367
1748842766.9560568,0,-0.8715,0.0,202.05278592375367
1748842766.9731588,0,-0.8715,0.0,202.34604105571847
1748842766.990154,0,-0.8715,0.0,202.34604105571847
1748842767.0061316,0,-0.8715,0.0,202.34604105571847
1748842767.0227463,0,-0.8715,0.0,202.34604105571847
1748842767.039872,0,-0.8715,0.0,202.34604105571847
1748842767.0571518,0,-0.8715,0.0,202.34604105571847
1748842767.0744736,0,-0.8715,0.0,202.05278592375367
1748842767.090286,0,-0.8715,0.0,202.05278592375367
1748842767.124082,0,-0.8715,0.0,202.05278592375367
1748842767.140705,0,-0.8715,0.0,202.05278592375367
1748842767.143114,0,-0.8715,0.0,202.05278592375367
1748842767.157971,0,-0.8715,0.0,202.05278592375367
1748842767.1751502,0,-0.8715,0.0,202.05278592375367
1748842767.1914084,0,-0.8715,0.0,202.05278592375367
1748842767.2079546,0,-0.8715,0.0,202.05278592375367
1748842767.2246063,0,-0.8715,0.0,202.05278592375367
1748842767.2408485,0,-0.8715,0.0,202.05278592375367
1748842767.2583027,0,-0.8715,0.0,202.05278592375367
1748842767.274765,0,-0.8715,0.0,202.05278592375367
1748842767.2911992,0,-0.8715,0.0,202.05278592375367
1748842767.3084054,0,-0.8715,0.0,202.05278592375367
1748842767.3249187,0,-0.8715,0.0,202.05278592375367
1748842767.341531,0,-0.8715,0.0,202.05278592375367
1748842767.3575306,0,-0.8715,0.0,202.05278592375367
1748842767.3745272,0,-0.8715,0.0,202.05278592375367
1748842767.3915644,0,-0.8715,0.0,202.05278592375367
1748842767.4077146,0,-0.8715,0.0,202.05278592375367
1748842767.4239044,0,-0.8715,0.0,202.05278592375367
1748842767.4401836,0,-0.8715,0.0,202.05278592375367
1748842767.457245,0,-0.8715,0.0,202.05278592375367
1748842767.4745436,0,-0.8715,0.0,202.05278592375367
1748842767.49119,0,-0.8715,0.0,202.05278592375367
1748842767.5084145,0,-0.8715,0.0,202.05278592375367
1748842767.540314,0,-0.8715,0.0,202.05278592375367
1748842767.5565145,0,-0.8715,0.0,202.05278592375367
1748842767.5725293,0,-0.8715,0.0,202.05278592375367
1748842767.588925,0,-0.8715,0.0,202.05278592375367
1748842767.605728,0,-0.8715,0.0,202.05278592375367
1748842767.621088,0,-0.8715,0.0,202.05278592375367
1748842767.6383433,0,-0.8715,0.0,202.05278592375367
1748842767.6542704,0,-0.8715,0.0,202.05278592375367
1748842767.670475,0,-0.8715,0.0,201.75953079178885
1748842767.6859555,0,-0.8715,0.0,201.75953079178885
1748842767.702762,0,-0.8715,0.0,201.75953079178885
1748842767.7368329,0,-0.8715,0.0,201.75953079178885
1748842767.754292,0,-0.8715,0.0,201.75953079178885
1748842767.7707021,0,-0.8715,0.0,201.46627565982405
1748842767.7868512,0,-0.8715,0.0,201.46627565982405
1748842767.8038404,0,-0.8715,0.0,201.46627565982405
1748842767.937919,0,-0.8715,0.0,201.17302052785925
1748842767.9567115,0,-0.8715,0.0,201.17302052785925
1748842767.9721048,0,-0.8715,0.0,201.17302052785925
1748842767.9721048,0,-0.8715,0.0,201.17302052785925
1748842767.989112,0,-0.8715,0.0,201.17302052785925
1748842768.0061162,0,-0.8715,0.0,201.17302052785925
1748842768.0235333,0,-0.8715,0.0,201.17302052785925
1748842768.0397458,0,-0.8715,0.0,201.17302052785925
1748842768.0568087,0,-0.8715,0.0,201.17302052785925
1748842768.0740063,0,-0.8715,0.0,200.87976539589442
1748842768.0913346,0,-0.8715,0.0,200.87976539589442
1748842768.1086593,0,-0.8715,0.0,200.87976539589442
1748842768.1416218,0,-0.8715,0.0,200.87976539589442
1748842768.1576517,0,-0.8715,0.0,200.87976539589442
1748842768.174943,0,-0.8715,0.0,200.2932551319648
1748842768.192205,0,-0.8715,0.0,200.2932551319648
1748842768.2096663,0,-0.8715,0.0,200.2932551319648
1748842768.2251754,0,-0.8715,0.0,200.2932551319648
1748842768.2426002,0,-0.8715,0.0,200.2932551319648
1748842768.2578626,0,-0.8715,0.0,200.2932551319648
1748842768.2742066,0,-0.8715,0.0,199.7067448680352
1748842768.2907846,0,-0.8715,0.0,199.7067448680352
1748842768.3080003,0,-0.8715,0.0,199.7067448680352
1748842768.3244424,0,-0.8715,0.0,199.7067448680352
1748842768.357973,0,-0.8715,0.0,199.7067448680352
1748842768.3750913,0,-0.8715,0.0,199.7067448680352
1748842768.392132,0,-0.8715,0.0,199.7067448680352
1748842768.4086726,0,-0.8715,0.0,199.7067448680352
1748842768.424586,0,-0.8715,0.0,199.7067448680352
1748842768.4405856,0,-0.8715,0.0,199.7067448680352
1748842768.4565763,0,-0.8715,0.0,199.7067448680352
1748842768.472528,0,-0.8715,0.0,199.7067448680352
1748842768.488933,0,-0.8715,0.0,198.82697947214075
1748842768.5052648,0,-0.8715,0.0,198.82697947214075
1748842768.5226128,0,-0.8715,0.0,198.82697947214075
1748842768.556088,0,-0.8715,0.0,198.82697947214075
1748842768.5723827,0,-0.8715,0.0,198.82697947214075
1748842768.5887926,0,-0.8715,0.0,198.53372434017595
1748842768.6057465,0,-0.8715,0.0,198.53372434017595
1748842768.62332,0,-0.8715,0.0,198.53372434017595
1748842768.6404102,0,-0.8715,0.0,198.53372434017595
1748842768.6569197,0,-0.8715,0.0,198.53372434017595
1748842768.673893,0,-0.8715,0.0,198.53372434017595
1748842768.69071,0,-0.8715,0.0,198.53372434017595
1748842768.7077138,0,-0.8715,0.0,198.53372434017595
1748842768.7249079,0,-0.8715,0.0,198.53372434017595
1748842768.7576833,0,-0.8715,0.0,198.53372434017595
1748842768.7737398,0,-0.8715,0.0,198.53372434017595
1748842768.7902033,0,-0.8715,0.0,198.53372434017595
1748842768.8061476,0,-0.8715,0.0,198.53372434017595
1748842768.962678,0,-0.8715,0.0,198.53372434017595
1748842768.9818237,0,-0.8715,0.0,198.53372434017595
1748842768.9984677,0,-0.8715,0.0,198.53372434017595
1748842769.0147898,0,-0.8715,0.0,198.53372434017595
1748842769.0316038,0,-0.8715,0.0,198.53372434017595
1748842769.0472171,0,-0.8715,0.0,198.53372434017595
1748842769.063847,0,-0.8715,0.0,198.53372434017595
1748842769.0799947,0,-0.8715,0.0,198.53372434017595
1748842769.096733,0,-0.8715,0.0,198.53372434017595
1748842769.1129577,0,-0.8715,0.0,198.53372434017595
1748842769.1293943,0,-0.8715,0.0,198.53372434017595
1748842769.1613436,0,-0.8715,0.0,198.53372434017595
1748842769.1771364,0,-0.8715,0.0,198.53372434017595
1748842769.1941466,0,-0.8715,0.0,198.53372434017595
1748842769.21046,0,-0.8715,0.0,198.53372434017595
1748842769.226892,0,-0.8715,0.0,198.53372434017595
1748842769.243396,0,-0.8715,0.0,198.53372434017595
1748842769.2599502,0,-0.8715,0.0,198.53372434017595
1748842769.2760513,0,-0.8715,0.0,198.53372434017595
1748842769.2934222,0,-0.8715,0.0,198.53372434017595
1748842769.3097813,0,-0.8715,0.0,198.53372434017595
1748842769.3267012,0,-0.8715,0.0,198.53372434017595
1748842769.3599546,0,-0.8715,0.0,198.53372434017595
1748842769.3767648,0,-0.8715,0.0,198.53372434017595
1748842769.393453,0,-0.8715,0.0,198.53372434017595
1748842769.4106812,0,-0.8715,0.0,198.53372434017595
1748842769.4268363,0,-0.8715,0.0,198.53372434017595
1748842769.443702,0,-0.8715,0.0,198.53372434017595
1748842769.4598765,0,-0.8715,0.0,198.53372434017595
1748842769.476772,0,-0.8715,0.0,198.53372434017595
1748842769.4933255,0,-0.8715,0.0,198.53372434017595
1748842769.509488,0,-0.8715,0.0,198.53372434017595
1748842769.5263965,0,-0.8715,0.0,198.53372434017595
1748842769.54272,0,-0.8715,0.0,198.53372434017595
1748842769.5765595,0,-0.8715,0.0,198.53372434017595
1748842769.5924811,0,-0.8715,0.0,198.53372434017595
1748842769.6087103,0,-0.8715,0.0,198.53372434017595
1748842769.6252697,0,-0.8715,0.0,198.53372434017595
1748842769.6417298,0,-0.8715,0.0,198.53372434017595
1748842769.6587296,0,-0.8715,0.0,198.53372434017595
1748842769.674033,0,-0.8715,0.0,198.53372434017595
1748842769.6915002,0,-0.8715,0.0,198.53372434017595
1748842769.7084517,0,-0.8715,0.0,198.53372434017595
1748842769.7249618,0,-0.8715,0.0,198.53372434017595
1748842769.741632,0,-0.8715,0.0,198.53372434017595
1748842769.7750177,0,-0.8715,0.0,198.53372434017595
1748842769.7913115,0,-0.8715,0.0,198.53372434017595
1748842769.808532,0,-0.8715,0.0,198.53372434017595
1748842769.978672,0,-0.8715,0.0,198.53372434017595
1748842769.9946656,0,-0.8715,0.0,198.53372434017595
1748842770.0106604,0,-0.8715,0.0,198.53372434017595
1748842770.027476,0,-0.8715,0.0,198.53372434017595
1748842770.0446568,0,-0.8715,0.0,198.53372434017595
1748842770.0616188,0,-0.8715,0.0,198.53372434017595
1748842770.076999,0,-0.8715,0.0,198.53372434017595
1748842770.0938613,0,-0.8715,0.0,198.53372434017595
1748842770.1108673,0,-0.8715,0.0,198.53372434017595
1748842770.1277583,0,-0.8715,0.0,198.53372434017595
1748842770.144709,0,-0.8715,0.0,198.53372434017595
1748842770.177713,0,-0.8715,0.0,198.53372434017595
1748842770.1949275,0,-0.8715,0.0,198.53372434017595
1748842770.210878,0,-0.8715,0.0,198.53372434017595
1748842770.2279568,0,-0.8715,0.0,198.53372434017595
1748842770.244928,0,-0.8715,0.0,198.53372434017595
1748842770.2619305,0,-0.8715,0.0,198.53372434017595
1748842770.2794507,0,-0.8715,0.0,198.53372434017595
1748842770.2954767,0,-0.8715,0.0,198.53372434017595
1748842770.3114758,0,-0.8715,0.0,198.53372434017595
1748842770.3275218,0,-0.8715,0.0,198.53372434017595
1748842770.3435197,0,-0.8715,0.0,198.53372434017595
1748842770.3756607,0,-0.8715,0.0,198.53372434017595
1748842770.3916514,0,-0.8715,0.0,198.53372434017595
1748842770.407653,0,-0.8715,0.0,198.53372434017595
1748842770.4238634,0,-0.8715,0.0,198.53372434017595
1748842770.4405243,0,-0.8715,0.0,198.53372434017595
1748842770.4562688,0,-0.8715,0.0,198.53372434017595
1748842770.472717,0,-0.8715,0.0,198.53372434017595
1748842770.4889317,0,-0.8715,0.0,198.53372434017595
1748842770.505951,0,-0.8715,0.0,198.53372434017595
1748842770.523214,0,-0.8715,0.0,198.53372434017595
1748842770.5403984,0,-0.8715,0.0,198.53372434017595
1748842770.5571103,0,-0.8715,0.0,198.53372434017595
1748842770.5909336,0,-0.8715,0.0,198.53372434017595
1748842770.6077688,0,-0.8715,0.0,198.53372434017595
1748842770.6242685,0,-0.8715,0.0,198.53372434017595
1748842770.6412647,0,-0.8715,0.0,198.53372434017595
1748842770.657941,0,-0.8715,0.0,198.53372434017595
1748842770.6745782,0,-0.8715,0.0,198.53372434017595
1748842770.6904182,0,-0.8715,0.0,198.53372434017595
1748842770.706799,0,-0.8715,0.0,198.53372434017595
1748842770.72334,0,-0.8715,0.0,198.53372434017595
1748842770.7396023,0,-0.8715,0.0,198.53372434017595
1748842770.755274,0,-0.8715,0.0,198.53372434017595
1748842770.7880285,0,-0.8715,0.0,198.53372434017595
1748842770.8049772,0,-0.8715,0.0,198.53372434017595
1748842770.9068582,0,-0.8715,0.0,198.53372434017595
1748842770.9255285,0,-0.8715,0.0,198.53372434017595
1748842770.9416878,0,-0.8715,0.0,198.53372434017595
1748842770.9577024,0,-0.8715,0.0,198.53372434017595
1748842770.989938,0,-0.8715,0.0,198.53372434017595
1748842771.007114,0,-0.8715,0.0,198.53372434017595
1748842771.0245268,0,-0.8715,0.0,198.53372434017595
1748842771.0415332,0,-0.8715,0.0,198.53372434017595
1748842771.058175,0,-0.8715,0.0,198.53372434017595
1748842771.0749965,0,-0.8715,0.0,198.53372434017595
1748842771.0919867,0,-0.8715,0.0,198.53372434017595
1748842771.1093426,0,-0.8715,0.0,198.24046920821115
1748842771.125569,0,-0.8715,0.0,198.24046920821115
1748842771.1415682,0,-0.8715,0.0,198.24046920821115
1748842771.1588483,0,-0.8715,0.0,198.24046920821115
1748842771.1915019,0,-0.8715,0.0,198.24046920821115
1748842771.2079895,0,-0.8715,0.0,197.94721407624633
1748842771.2244208,0,-0.8715,0.0,197.94721407624633
1748842771.2408292,0,-0.8715,0.0,197.94721407624633
1748842771.2579963,0,-0.8715,0.0,197.94721407624633
1748842771.2749727,0,-0.8715,0.0,197.94721407624633
1748842771.2915428,0,-0.8715,0.0,197.94721407624633
1748842771.3080175,0,-0.8715,0.0,197.36070381231673
1748842771.3254004,0,-0.8715,0.0,197.36070381231673
1748842771.341474,0,-0.8715,0.0,197.36070381231673
1748842771.3580205,0,-0.8715,0.0,197.36070381231673
1748842771.3917766,0,-0.8715,0.0,197.36070381231673
1748842771.4087362,0,-0.8715,0.0,197.0674486803519
1748842771.4240844,0,-0.8715,0.0,197.0674486803519
1748842771.4404252,0,-0.8715,0.0,197.0674486803519
1748842771.4566655,0,-0.8715,0.0,197.0674486803519
1748842771.4726646,0,-0.8715,0.0,197.0674486803519
1748842771.4885788,0,-0.8715,0.0,197.0674486803519
1748842771.5045412,0,-0.8715,0.0,196.48093841642228
1748842771.520684,0,-0.8715,0.0,196.48093841642228
1748842771.537071,0,-0.8715,0.0,196.48093841642228
1748842771.5543609,0,-0.8715,0.0,196.48093841642228
1748842771.5704205,0,-0.8715,0.0,196.48093841642228
1748842771.603879,0,-0.8715,0.0,195.89442815249268
1748842771.6213362,0,-0.8715,0.0,195.89442815249268
1748842771.6376157,0,-0.8715,0.0,195.89442815249268
1748842771.6538563,0,-0.8715,0.0,195.89442815249268
1748842771.6710074,0,-0.8715,0.0,195.89442815249268
1748842771.68757,0,-0.8715,0.0,195.89442815249268
1748842771.7042053,0,-0.8715,0.0,195.60117302052785
1748842771.7215347,0,-0.8715,0.0,195.60117302052785
1748842771.7371774,0,-0.8715,0.0,195.60117302052785
1748842771.7541072,0,-0.8715,0.0,195.60117302052785
1748842771.7712817,0,-0.8715,0.0,195.60117302052785
1748842771.8049822,0,-0.8715,0.0,195.60117302052785
1748842771.9296374,0,-0.8715,0.0,195.60117302052785
1748842771.9317284,0,-0.8715,0.0,195.60117302052785
1748842771.9486425,0,-0.8715,0.0,195.60117302052785
1748842771.964643,0,-0.8715,0.0,195.60117302052785
1748842771.9974926,0,-0.8715,0.0,195.60117302052785
1748842772.0145502,0,-0.8715,0.0,195.60117302052785
1748842772.030759,0,-0.8715,0.0,195.60117302052785
1748842772.0461452,0,-0.8715,0.0,195.60117302052785
1748842772.06256,0,-0.8715,0.0,195.60117302052785
1748842772.0780447,0,-0.8715,0.0,195.60117302052785
1748842772.095293,0,-0.8715,0.0,195.60117302052785
1748842772.111679,0,-0.8715,0.0,195.01466275659823
1748842772.1276643,0,-0.8715,0.0,195.01466275659823
1748842772.1442297,0,-0.8715,0.0,195.01466275659823
1748842772.1608346,0,-0.8715,0.0,195.01466275659823
1748842772.1784973,0,-0.8715,0.0,195.01466275659823
1748842772.2114017,0,-0.8715,0.0,195.01466275659823
1748842772.227696,0,-0.8715,0.0,195.01466275659823
1748842772.2432828,0,-0.8715,0.0,195.01466275659823
1748842772.260613,0,-0.8715,0.0,195.01466275659823
1748842772.2776315,0,-0.8715,0.0,195.01466275659823
1748842772.293948,0,-0.8715,0.0,195.01466275659823
1748842772.310923,0,-0.8715,0.0,194.1348973607038
1748842772.3279834,0,-0.8715,0.0,194.1348973607038
1748842772.3446715,0,-0.8715,0.0,194.1348973607038
1748842772.360701,0,-0.8715,0.0,194.1348973607038
1748842772.377665,0,-0.8715,0.0,194.1348973607038
1748842772.409728,0,-0.8715,0.0,193.841642228739
1748842772.4268763,0,-0.8715,0.0,193.841642228739
1748842772.4430203,0,-0.8715,0.0,193.841642228739
1748842772.459881,0,-0.8715,0.0,193.841642228739
1748842772.476372,0,-0.8715,0.0,193.841642228739
1748842772.4933143,0,-0.8715,0.0,193.841642228739
1748842772.5103846,0,-0.8715,0.0,193.5483870967742
1748842772.5274742,0,-0.8715,0.0,193.5483870967742
1748842772.5433338,0,-0.8715,0.0,193.5483870967742
1748842772.560341,0,-0.8715,0.0,193.5483870967742
1748842772.5767946,0,-0.8715,0.0,193.5483870967742
1748842772.6112432,0,-0.8715,0.0,193.25513196480938
1748842772.6282706,0,-0.8715,0.0,193.25513196480938
1748842772.6446965,0,-0.8715,0.0,193.25513196480938
1748842772.661138,0,-0.8715,0.0,193.25513196480938
1748842772.6780195,0,-0.8715,0.0,193.25513196480938
1748842772.6950054,0,-0.8715,0.0,193.25513196480938
1748842772.7121408,0,-0.8715,0.0,193.25513196480938
1748842772.7284074,0,-0.8715,0.0,193.25513196480938
1748842772.7454052,0,-0.8715,0.0,193.25513196480938
1748842772.7624023,0,-0.8715,0.0,193.25513196480938
1748842772.7784965,0,-0.8715,0.0,193.25513196480938
1748842772.8263245,0,-0.8715,0.0,193.25513196480938
1748842772.9326708,0,-0.8715,0.0,193.25513196480938
1748842772.9485614,0,-0.8715,0.0,193.25513196480938
1748842772.9646451,0,-0.8715,0.0,193.25513196480938
1748842772.9806414,0,-0.8715,0.0,193.25513196480938
1748842773.013602,0,-0.8715,0.0,193.25513196480938
1748842773.0301542,0,-0.8715,0.0,193.25513196480938
1748842773.0463214,0,-0.8715,0.0,193.25513196480938
1748842773.063334,0,-0.8715,0.0,193.25513196480938
1748842773.0796726,0,-0.8715,0.0,193.25513196480938
1748842773.0953116,0,-0.8715,0.0,193.25513196480938
1748842773.1121066,0,-0.8715,0.0,193.25513196480938
1748842773.128501,0,-0.8715,0.0,193.25513196480938
1748842773.1448526,0,-0.8715,0.0,193.25513196480938
1748842773.1612227,0,-0.8715,0.0,193.25513196480938
1748842773.1783876,0,-0.8715,0.0,193.25513196480938
1748842773.1955998,0,-0.8715,0.0,193.25513196480938
1748842773.228749,0,-0.8715,0.0,193.25513196480938
1748842773.2454634,0,-0.8715,0.0,193.25513196480938
1748842773.2628627,0,-0.8715,0.0,193.25513196480938
1748842773.2802205,0,-0.8715,0.0,193.25513196480938
1748842773.2973926,0,-0.8715,0.0,193.25513196480938
1748842773.3138113,0,-0.8715,0.0,193.25513196480938
1748842773.3316567,0,-0.8715,0.0,193.25513196480938
1748842773.3479502,0,-0.8715,0.0,193.25513196480938
1748842773.3651478,0,-0.8715,0.0,193.25513196480938
1748842773.383045,0,-0.8715,0.0,193.25513196480938
1748842773.3999307,0,-0.8715,0.0,193.25513196480938
1748842773.431774,0,-0.8715,0.0,193.25513196480938
1748842773.4489138,0,-0.8715,0.0,193.25513196480938
1748842773.4659414,0,-0.8715,0.0,193.25513196480938
1748842773.4826014,0,-0.8715,0.0,193.25513196480938
1748842773.4980764,0,-0.8715,0.0,193.25513196480938
1748842773.5144804,0,-0.8715,0.0,193.25513196480938
1748842773.5306525,0,-0.8715,0.0,193.25513196480938
1748842773.5462017,0,-0.8715,0.0,193.25513196480938
1748842773.562997,0,-0.8715,0.0,193.25513196480938
1748842773.5794122,0,-0.8715,0.0,193.25513196480938
1748842773.595233,0,-0.8715,0.0,193.25513196480938
1748842773.6273336,0,-0.8715,0.0,193.25513196480938
1748842773.64481,0,-0.8715,0.0,193.25513196480938
1748842773.6613235,0,-0.8715,0.0,193.25513196480938
1748842773.6779678,0,-0.8715,0.0,193.25513196480938
1748842773.6944597,0,-0.8715,0.0,193.25513196480938
1748842773.7114727,0,-0.8715,0.0,193.25513196480938
1748842773.7277877,0,-0.8715,0.0,193.25513196480938
1748842773.7446685,0,-0.8715,0.0,193.25513196480938
1748842773.7601318,0,-0.8715,0.0,193.25513196480938
1748842773.7767272,0,-0.8715,0.0,193.25513196480938
1748842773.7936687,0,-0.8715,0.0,193.25513196480938
1748842773.9175613,0,-0.8715,0.0,193.25513196480938
1748842773.9376223,0,-0.8715,0.0,193.25513196480938
1748842773.9536302,0,-0.8715,0.0,193.25513196480938
1748842773.9698153,0,-0.8715,0.0,193.25513196480938
1748842773.9857707,0,-0.8715,0.0,193.25513196480938
1748842774.0016286,0,-0.8715,0.0,193.25513196480938
1748842774.0348566,0,-0.8715,0.0,193.25513196480938
1748842774.06863,0,-0.8715,0.0,193.25513196480938
1748842774.0845187,0,-0.8715,0.0,193.25513196480938
1748842774.100931,0,-0.8715,0.0,193.25513196480938
1748842774.1176548,0,-0.8715,0.0,193.25513196480938
1748842774.133814,0,-0.8715,0.0,193.25513196480938
1748842774.1503718,0,-0.8715,0.0,193.25513196480938
1748842774.1665206,0,-0.8715,0.0,193.25513196480938
1748842774.199549,0,-0.8715,0.0,193.25513196480938
1748842774.233402,0,-0.8715,0.0,193.25513196480938
1748842774.2497325,0,-0.8715,0.0,193.25513196480938
1748842774.2656689,0,-0.8715,0.0,193.25513196480938
1748842774.2818565,0,-0.8715,0.0,193.25513196480938
1748842774.2983427,0,-0.8715,0.0,193.25513196480938
1748842774.3144808,0,-0.8715,0.0,193.25513196480938
1748842774.3302972,0,-0.8715,0.0,193.25513196480938
1748842774.3468895,0,-0.8715,0.0,193.25513196480938
1748842774.363515,0,-0.8715,0.0,193.25513196480938
1748842774.380051,0,-0.8715,0.0,193.25513196480938
1748842774.396176,0,-0.8715,0.0,193.25513196480938
1748842774.4126868,0,-0.8715,0.0,193.25513196480938
1748842774.4459686,0,-0.8715,0.0,193.25513196480938
1748842774.4628162,0,-0.8715,0.0,193.25513196480938
1748842774.4799814,0,-0.8715,0.0,193.25513196480938
1748842774.4969912,0,-0.8715,0.0,193.25513196480938
1748842774.5140898,0,-0.8715,0.0,193.25513196480938
1748842774.530696,0,-0.8715,0.0,193.25513196480938
1748842774.547122,0,-0.8715,0.0,193.25513196480938
1748842774.563755,0,-0.8715,0.0,193.25513196480938
1748842774.5797226,0,-0.8715,0.0,193.25513196480938
1748842774.5956516,0,-0.8715,0.0,193.25513196480938
1748842774.611285,0,-0.8715,0.0,193.25513196480938
1748842774.6450338,0,-0.8715,0.0,193.25513196480938
1748842774.662527,0,-0.8715,0.0,193.25513196480938
1748842774.6785166,0,-0.8715,0.0,193.25513196480938
1748842774.6940908,0,-0.8715,0.0,193.25513196480938
1748842774.7107737,0,-0.8715,0.0,193.25513196480938
1748842774.7284718,0,-0.8715,0.0,193.25513196480938
1748842774.744639,0,-0.8715,0.0,193.25513196480938
1748842774.7601142,0,-0.8715,0.0,193.25513196480938
1748842774.7769902,0,-0.8715,0.0,193.25513196480938
1748842774.7941499,0,-0.8715,0.0,193.25513196480938
1748842774.928053,0,-0.8715,0.0,193.25513196480938
1748842774.9471939,0,-0.8715,0.0,193.25513196480938
1748842774.9637837,0,-0.8715,0.0,193.25513196480938
1748842774.981484,0,-0.8715,0.0,193.25513196480938
1748842774.997482,0,-0.8715,0.0,193.25513196480938
1748842775.013482,0,-0.8715,0.0,193.25513196480938
1748842775.0466008,0,-0.8715,0.0,193.25513196480938
1748842775.063006,0,-0.8715,0.0,193.25513196480938
1748842775.080257,0,-0.8715,0.0,193.25513196480938
1748842775.0964713,0,-0.8715,0.0,193.25513196480938
1748842775.1128678,0,-0.8715,0.0,193.25513196480938
1748842775.1297169,0,-0.8715,0.0,193.25513196480938
1748842775.1464906,0,-0.8715,0.0,193.25513196480938
1748842775.1635149,0,-0.8715,0.0,193.25513196480938
1748842775.1798909,0,-0.8715,0.0,193.25513196480938
1748842775.1970642,0,-0.8715,0.0,193.25513196480938
1748842775.213673,0,-0.8715,0.0,193.25513196480938
1748842775.2302136,0,-0.8715,0.0,193.25513196480938
1748842775.2465513,0,-0.8715,0.0,193.25513196480938
1748842775.2628496,0,-0.8715,0.0,193.25513196480938
1748842775.2798615,0,-0.8715,0.0,193.25513196480938
1748842775.2965465,0,-0.8715,0.0,193.25513196480938
1748842775.3128448,0,-0.8715,0.0,193.25513196480938
1748842775.329998,0,-0.8715,0.0,193.25513196480938
1748842775.346408,0,-0.8715,0.0,193.25513196480938
1748842775.3631349,0,-0.8715,0.0,193.25513196480938
1748842775.3797646,0,-0.8715,0.0,193.25513196480938
1748842775.396106,0,-0.8715,0.0,193.25513196480938
1748842775.4127064,0,-0.8715,0.0,193.25513196480938
1748842775.4287922,0,-0.8715,0.0,193.25513196480938
1748842775.4621637,0,-0.8715,0.0,193.25513196480938
1748842775.4789114,0,-0.8715,0.0,193.25513196480938
1748842775.495663,0,-0.8715,0.0,193.25513196480938
1748842775.5121093,0,-0.8715,0.0,193.25513196480938
1748842775.5289357,0,-0.8715,0.0,193.25513196480938
1748842775.5451977,0,-0.8715,0.0,193.25513196480938
1748842775.561906,0,-0.8715,0.0,193.25513196480938
1748842775.578471,0,-0.8715,0.0,193.25513196480938
1748842775.5956135,0,-0.8715,0.0,193.25513196480938
1748842775.612036,0,-0.8715,0.0,193.25513196480938
1748842775.6285727,0,-0.8715,0.0,193.25513196480938
1748842775.6611075,0,-0.8715,0.0,192.96187683284458
1748842775.6780882,0,-0.8715,0.0,192.96187683284458
1748842775.6946526,0,-0.8715,0.0,192.96187683284458
1748842775.7100103,0,-0.8715,0.0,192.96187683284458
1748842775.7270913,0,-0.8715,0.0,192.96187683284458
1748842775.744091,0,-0.8715,0.0,193.25513196480938
1748842775.761136,0,-0.8715,0.0,193.25513196480938
1748842775.7783887,0,-0.8715,0.0,193.25513196480938
1748842775.795183,0,-0.8715,0.0,193.25513196480938
1748842775.9332,0,-0.8715,0.0,193.25513196480938
1748842775.951213,0,-0.8715,0.0,193.25513196480938
1748842775.9672108,0,-0.8715,0.0,193.25513196480938
1748842775.984273,0,-0.8715,0.0,193.25513196480938
1748842776.000645,0,-0.8715,0.0,193.25513196480938
1748842776.0172188,0,-0.8715,0.0,193.25513196480938
1748842776.0338755,0,-0.8715,0.0,193.25513196480938
1748842776.0666618,0,-0.8715,0.0,193.25513196480938
1748842776.0824125,0,-0.8715,0.0,193.25513196480938
1748842776.098569,0,-0.8715,0.0,193.25513196480938
1748842776.1147223,0,-0.8715,0.0,193.25513196480938
1748842776.130721,0,-0.8715,0.0,193.25513196480938
1748842776.1461413,0,-0.8715,0.0,193.25513196480938
1748842776.1635149,0,-0.8715,0.0,193.25513196480938
1748842776.1793792,0,-0.8715,0.0,193.25513196480938
1748842776.1953716,0,-0.8715,0.0,193.25513196480938
1748842776.211015,0,-0.8715,0.0,193.25513196480938
1748842776.2282863,0,-0.8715,0.0,193.25513196480938
1748842776.2619476,0,-0.8715,0.0,193.25513196480938
1748842776.2791908,0,-0.8715,0.0,193.25513196480938
1748842776.296151,0,-0.8715,0.0,193.25513196480938
1748842776.3127508,0,-0.8715,0.0,193.25513196480938
1748842776.329382,0,-0.8715,0.0,193.25513196480938
1748842776.345633,0,-0.8715,0.0,193.25513196480938
1748842776.3610406,0,-0.8715,0.0,193.25513196480938
1748842776.3781626,0,-0.8715,0.0,193.25513196480938
1748842776.3948114,0,-0.8715,0.0,193.25513196480938
1748842776.4113595,0,-0.8715,0.0,193.25513196480938
1748842776.4276407,0,-0.8715,0.0,193.25513196480938
1748842776.4441984,0,-0.8715,0.0,192.96187683284458
1748842776.4775558,0,-0.8715,0.0,192.96187683284458
1748842776.493678,0,-0.8715,0.0,192.96187683284458
1748842776.5091054,0,-0.8715,0.0,192.96187683284458
1748842776.5258281,0,-0.8715,0.0,192.96187683284458
1748842776.5427659,0,-0.8715,0.0,193.25513196480938
1748842776.5597641,0,-0.8715,0.0,193.25513196480938
1748842776.576114,0,-0.8715,0.0,193.25513196480938
1748842776.593506,0,-0.8715,0.0,193.25513196480938
1748842776.6099122,0,-0.8715,0.0,193.25513196480938
1748842776.6257057,0,-0.8715,0.0,193.25513196480938
1748842776.6410637,0,-0.8715,0.0,193.25513196480938
1748842776.6735544,0,-0.8715,0.0,193.25513196480938
1748842776.6904376,0,-0.8715,0.0,193.25513196480938
1748842776.7070515,0,-0.8715,0.0,193.25513196480938
1748842776.7238953,0,-0.8715,0.0,193.25513196480938
1748842776.7402003,0,-0.8715,0.0,193.25513196480938
1748842776.756769,0,-0.8715,0.0,193.25513196480938
1748842776.7737744,0,-0.8715,0.0,193.25513196480938
1748842776.790792,0,-0.8715,0.0,193.25513196480938
1748842776.807018,0,-0.8715,0.0,193.25513196480938
1748842777.0293078,0,-0.8715,0.0,193.25513196480938
1748842777.0463095,0,-0.8715,0.0,193.25513196480938
1748842777.0806625,0,-0.8715,0.0,193.25513196480938
1748842777.0963268,0,-0.8715,0.0,193.25513196480938
1748842777.1124692,0,-0.8715,0.0,193.25513196480938
1748842777.128769,0,-0.8715,0.0,193.25513196480938
1748842777.145646,0,-0.8715,0.0,193.25513196480938
1748842777.1609848,0,-0.8715,0.0,193.25513196480938
1748842777.1779716,0,-0.8715,0.0,193.25513196480938
1748842777.1949725,0,-0.8715,0.0,193.25513196480938
1748842777.2119708,0,-0.8715,0.0,193.25513196480938
1748842777.2295718,0,-0.8715,0.0,193.25513196480938
1748842777.2454495,0,-0.8715,0.0,193.25513196480938
1748842777.2608545,0,-0.8715,0.0,193.25513196480938
1748842777.2936902,0,-0.8715,0.0,193.25513196480938
1748842777.3096113,0,-0.8715,0.0,193.25513196480938
1748842777.3248737,0,-0.8715,0.0,193.25513196480938
1748842777.3408744,0,-0.8715,0.0,193.25513196480938
1748842777.3576674,0,-0.8715,0.0,193.25513196480938
1748842777.3737135,0,-0.8715,0.0,193.25513196480938
1748842777.3906806,0,-0.8715,0.0,193.25513196480938
1748842777.4063816,0,-0.8715,0.0,193.25513196480938
1748842777.4226727,0,-0.8715,0.0,193.25513196480938
1748842777.438669,0,-0.8715,0.0,193.25513196480938
1748842777.454838,0,-0.8715,0.0,193.25513196480938
1748842777.4890091,0,-0.8715,0.0,193.25513196480938
1748842777.5056348,0,-0.8715,0.0,193.25513196480938
1748842777.5220768,0,-0.8715,0.0,193.25513196480938
1748842777.5393827,0,-0.8715,0.0,193.25513196480938
1748842777.5559442,0,-0.8715,0.0,193.25513196480938
1748842777.5721817,0,-0.8715,0.0,193.25513196480938
1748842777.5881016,0,-0.8715,0.0,193.25513196480938
1748842777.6047523,0,-0.8715,0.0,193.25513196480938
1748842777.6218433,0,-0.8715,0.0,193.25513196480938
1748842777.6393452,0,-0.8715,0.0,193.25513196480938
1748842777.6556835,0,-0.8715,0.0,193.25513196480938
1748842777.6883273,0,-0.8715,0.0,193.25513196480938
1748842777.7049892,0,-0.8715,0.0,193.25513196480938
1748842777.7216206,0,-0.8715,0.0,193.25513196480938
1748842777.7374868,0,-0.8715,0.0,193.25513196480938
1748842777.7535193,0,-0.8715,0.0,193.25513196480938
1748842777.7689307,0,-0.8715,0.0,193.25513196480938
1748842777.786027,0,-0.8715,0.0,193.25513196480938
1748842777.8034127,0,-0.8715,0.0,193.25513196480938
1748842777.9512646,0,-0.8715,0.0,193.25513196480938
